id,image,mask,label,fg_ratio,height,width
Cable_train_000000,data/VISION/Cable/train/000000.jpg,data/VISION_masks/Cable/train/000000.png,1,0.004253954475308642,1080,1920
Cable_train_000001,data/VISION/Cable/train/000001.jpg,data/VISION_masks/Cable/train/000001.png,1,0.0074258359666084985,466,910
Cable_train_000002,data/VISION/Cable/train/000002.jpg,data/VISION_masks/Cable/train/000002.png,1,0.03811094780949999,566,904
Cable_train_000003,data/VISION/Cable/train/000003.jpg,data/VISION_masks/Cable/train/000003.png,1,0.0065084876543209874,1080,1920
Cable_train_000004,data/VISION/Cable/train/000004.jpg,data/VISION_masks/Cable/train/000004.png,1,0.00927252823804548,406,990
Cable_train_000005,data/VISION/Cable/train/000005.jpg,data/VISION_masks/Cable/train/000005.png,1,0.008782791487891265,287,726
Cable_train_000006,data/VISION/Cable/train/000006.jpg,data/VISION_masks/Cable/train/000006.png,1,0.005087594344883997,2624,2624
Cable_train_000007,data/VISION/Cable/train/000007.jpg,data/VISION_masks/Cable/train/000007.png,1,0.09386927480916031,192,262
Cable_train_000008,data/VISION/Cable/train/000008.jpg,data/VISION_masks/Cable/train/000008.png,1,0.003978587962962963,1080,1920
Cable_train_000009,data/VISION/Cable/train/000009.jpg,data/VISION_masks/Cable/train/000009.png,1,0.2348177434372351,634,908
Cable_train_000010,data/VISION/Cable/train/000010.jpg,data/VISION_masks/Cable/train/000010.png,1,0.0072680362654320985,1080,1920
Cable_train_000011,data/VISION/Cable/train/000011.jpg,data/VISION_masks/Cable/train/000011.png,1,0.006064130929914752,484,1016
Cable_train_000012,data/VISION/Cable/train/000012.jpg,data/VISION_masks/Cable/train/000012.png,1,0.0029953338786436645,2624,2624
Cable_train_000013,data/VISION/Cable/train/000013.jpg,data/VISION_masks/Cable/train/000013.png,1,0.0031185266262019557,454,974
Cable_train_000014,data/VISION/Cable/train/000014.jpg,data/VISION_masks/Cable/train/000014.png,1,0.0064804147465437785,518,992
Cable_train_000015,data/VISION/Cable/train/000015.jpg,data/VISION_masks/Cable/train/000015.png,1,0.0017992862654320988,1080,1920
Cable_train_000016,data/VISION/Cable/train/000016.jpg,data/VISION_masks/Cable/train/000016.png,1,0.03472113732229339,692,962
Cable_train_000017,data/VISION/Cable/train/000017.jpg,data/VISION_masks/Cable/train/000017.png,1,0.006121439873417721,480,632
Cable_train_000018,data/VISION/Cable/train/000018.jpg,data/VISION_masks/Cable/train/000018.png,1,0.011547336497890295,480,632
Cable_train_000019,data/VISION/Cable/train/000019.jpg,data/VISION_masks/Cable/train/000019.png,1,0.2529183744891362,722,934
Cable_train_000020,data/VISION/Cable/train/000020.jpg,data/VISION_masks/Cable/train/000020.png,1,0.004643614969135803,1080,1920
Cable_train_000021,data/VISION/Cable/train/000021.jpg,data/VISION_masks/Cable/train/000021.png,1,0.06271145797000349,470,976
Cable_train_000022,data/VISION/Cable/train/000022.jpg,data/VISION_masks/Cable/train/000022.png,1,0.07191757637302192,468,1010
Cable_train_000023,data/VISION/Cable/train/000023.jpg,data/VISION_masks/Cable/train/000023.png,1,0.10336728439863874,498,996
Cable_train_000024,data/VISION/Cable/train/000024.jpg,data/VISION_masks/Cable/train/000024.png,1,0.00486304012345679,1080,1920
Cable_train_000025,data/VISION/Cable/train/000025.jpg,data/VISION_masks/Cable/train/000025.png,1,0.004982045448315562,1146,1528
Cable_train_000026,data/VISION/Cable/train/000026.jpg,data/VISION_masks/Cable/train/000026.png,1,0.016560141260149965,822,1174
Cable_train_000027,data/VISION/Cable/train/000027.jpg,data/VISION_masks/Cable/train/000027.png,1,0.0017076581790123457,1080,1920
Cable_train_000028,data/VISION/Cable/train/000028.jpg,data/VISION_masks/Cable/train/000028.png,1,0.0029733649789029535,480,632
Cable_train_000029,data/VISION/Cable/train/000029.jpg,data/VISION_masks/Cable/train/000029.png,1,0.010663741302972802,408,992
Cable_train_000030,data/VISION/Cable/train/000030.jpg,data/VISION_masks/Cable/train/000030.png,1,0.028398602320675106,480,632
Cable_train_000031,data/VISION/Cable/train/000031.jpg,data/VISION_masks/Cable/train/000031.png,1,0.003937114197530864,1080,1920
Cable_train_000032,data/VISION/Cable/train/000032.jpg,data/VISION_masks/Cable/train/000032.png,1,0.00726417824074074,1080,1920
Cable_train_000033,data/VISION/Cable/train/000033.jpg,data/VISION_masks/Cable/train/000033.png,1,0.02376361790525265,502,934
Cable_train_000034,data/VISION/Cable/train/000034.jpg,data/VISION_masks/Cable/train/000034.png,1,0.01917550688486244,1146,1528
Cable_train_000035,data/VISION/Cable/train/000035.jpg,data/VISION_masks/Cable/train/000035.png,1,0.006563348044187386,1146,1528
Cable_train_000036,data/VISION/Cable/train/000036.jpg,data/VISION_masks/Cable/train/000036.png,1,0.003246881506543724,2624,2624
Cable_train_000037,data/VISION/Cable/train/000037.jpg,data/VISION_masks/Cable/train/000037.png,1,0.013781546957916821,592,876
Cable_train_000038,data/VISION/Cable/train/000038.jpg,data/VISION_masks/Cable/train/000038.png,1,0.004561610150228339,566,1026
Cable_train_000039,data/VISION/Cable/train/000039.jpg,data/VISION_masks/Cable/train/000039.png,1,0.003334297839506173,1080,1920
Cable_train_000040,data/VISION/Cable/train/000040.jpg,data/VISION_masks/Cable/train/000040.png,1,0.002666798523206751,480,632
Capacitor_train_000000,data/VISION/Capacitor/train/000000.jpg,data/VISION_masks/Capacitor/train/000000.png,1,0.0005045572916666667,480,640
Capacitor_train_000001,data/VISION/Capacitor/train/000001.jpg,data/VISION_masks/Capacitor/train/000001.png,1,0.000673828125,480,640
Capacitor_train_000002,data/VISION/Capacitor/train/000002.jpg,data/VISION_masks/Capacitor/train/000002.png,1,0.001259765625,480,640
Capacitor_train_000003,data/VISION/Capacitor/train/000003.jpg,data/VISION_masks/Capacitor/train/000003.png,1,0.009658203125,480,640
Capacitor_train_000004,data/VISION/Capacitor/train/000004.jpg,data/VISION_masks/Capacitor/train/000004.png,1,0.0008040364583333334,480,640
Capacitor_train_000005,data/VISION/Capacitor/train/000005.jpg,data/VISION_masks/Capacitor/train/000005.png,1,0.0009309895833333334,480,640
Capacitor_train_000006,data/VISION/Capacitor/train/000006.jpg,data/VISION_masks/Capacitor/train/000006.png,1,0.00038736979166666667,480,640
Capacitor_train_000007,data/VISION/Capacitor/train/000007.jpg,data/VISION_masks/Capacitor/train/000007.png,1,0.000322265625,480,640
Capacitor_train_000008,data/VISION/Capacitor/train/000008.jpg,data/VISION_masks/Capacitor/train/000008.png,1,0.0005696614583333334,480,640
Capacitor_train_000009,data/VISION/Capacitor/train/000009.jpg,data/VISION_masks/Capacitor/train/000009.png,1,0.001259765625,480,640
Capacitor_train_000010,data/VISION/Capacitor/train/000010.jpg,data/VISION_masks/Capacitor/train/000010.png,1,0.000146484375,480,640
Capacitor_train_000011,data/VISION/Capacitor/train/000011.jpg,data/VISION_masks/Capacitor/train/000011.png,1,0.0023046875,480,640
Capacitor_train_000012,data/VISION/Capacitor/train/000012.jpg,data/VISION_masks/Capacitor/train/000012.png,1,0.0012858072916666667,480,640
Capacitor_train_000013,data/VISION/Capacitor/train/000013.jpg,data/VISION_masks/Capacitor/train/000013.png,1,0.0007161458333333333,480,640
Capacitor_train_000014,data/VISION/Capacitor/train/000014.jpg,data/VISION_masks/Capacitor/train/000014.png,1,0.0012890625,480,640
Capacitor_train_000015,data/VISION/Capacitor/train/000015.jpg,data/VISION_masks/Capacitor/train/000015.png,1,0.0015559895833333333,480,640
Capacitor_train_000016,data/VISION/Capacitor/train/000016.jpg,data/VISION_masks/Capacitor/train/000016.png,1,0.00046875,480,640
Capacitor_train_000017,data/VISION/Capacitor/train/000017.jpg,data/VISION_masks/Capacitor/train/000017.png,1,0.00043619791666666666,480,640
Capacitor_train_000018,data/VISION/Capacitor/train/000018.jpg,data/VISION_masks/Capacitor/train/000018.png,1,0.00046223958333333333,480,640
Capacitor_train_000019,data/VISION/Capacitor/train/000019.jpg,data/VISION_masks/Capacitor/train/000019.png,1,0.00228515625,480,640
Capacitor_train_000020,data/VISION/Capacitor/train/000020.jpg,data/VISION_masks/Capacitor/train/000020.png,1,0.004921875,480,640
Capacitor_train_000021,data/VISION/Capacitor/train/000021.jpg,data/VISION_masks/Capacitor/train/000021.png,1,0.00031901041666666666,480,640
Capacitor_train_000022,data/VISION/Capacitor/train/000022.jpg,data/VISION_masks/Capacitor/train/000022.png,1,0.00140625,480,640
Capacitor_train_000023,data/VISION/Capacitor/train/000023.jpg,data/VISION_masks/Capacitor/train/000023.png,1,0.0005794270833333334,480,640
Capacitor_train_000024,data/VISION/Capacitor/train/000024.jpg,data/VISION_masks/Capacitor/train/000024.png,1,0.0015787760416666667,480,640
Capacitor_train_000025,data/VISION/Capacitor/train/000025.jpg,data/VISION_masks/Capacitor/train/000025.png,1,0.0005305989583333333,480,640
Capacitor_train_000026,data/VISION/Capacitor/train/000026.jpg,data/VISION_masks/Capacitor/train/000026.png,1,0.0034993489583333335,480,640
Capacitor_train_000027,data/VISION/Capacitor/train/000027.jpg,data/VISION_masks/Capacitor/train/000027.png,1,0.0007942708333333334,480,640
Capacitor_train_000028,data/VISION/Capacitor/train/000028.jpg,data/VISION_masks/Capacitor/train/000028.png,1,0.0014680989583333334,480,640
Capacitor_train_000029,data/VISION/Capacitor/train/000029.jpg,data/VISION_masks/Capacitor/train/000029.png,1,0.00027018229166666667,480,640
Capacitor_train_000030,data/VISION/Capacitor/train/000030.jpg,data/VISION_masks/Capacitor/train/000030.png,1,0.0035546875,480,640
Capacitor_train_000031,data/VISION/Capacitor/train/000031.jpg,data/VISION_masks/Capacitor/train/000031.png,1,0.0009505208333333334,480,640
Capacitor_train_000032,data/VISION/Capacitor/train/000032.jpg,data/VISION_masks/Capacitor/train/000032.png,1,0.00072265625,480,640
Capacitor_train_000033,data/VISION/Capacitor/train/000033.jpg,data/VISION_masks/Capacitor/train/000033.png,1,0.0006608072916666666,480,640
Capacitor_train_000034,data/VISION/Capacitor/train/000034.jpg,data/VISION_masks/Capacitor/train/000034.png,1,0.0008919270833333333,480,640
Casting_train_000000,data/VISION/Casting/train/000000.jpg,data/VISION_masks/Casting/train/000000.png,1,0.0007163492432803741,1176,2456
Casting_train_000001,data/VISION/Casting/train/000001.jpg,data/VISION_masks/Casting/train/000001.png,1,0.0011657553901039243,1176,2456
Casting_train_000002,data/VISION/Casting/train/000002.jpg,data/VISION_masks/Casting/train/000002.png,1,0.0005570835826187152,1176,2456
Casting_train_000003,data/VISION/Casting/train/000003.jpg,data/VISION_masks/Casting/train/000003.png,1,0.00014403155398967404,1176,2456
Casting_train_000004,data/VISION/Casting/train/000004.jpg,data/VISION_masks/Casting/train/000004.png,1,0.00020600666976888476,1176,2456
Casting_train_000005,data/VISION/Casting/train/000005.jpg,data/VISION_masks/Casting/train/000005.png,1,0.00022989651886813357,1176,2456
Casting_train_000006,data/VISION/Casting/train/000006.jpg,data/VISION_masks/Casting/train/000006.png,1,0.00043555695893992776,1176,2456
Casting_train_000007,data/VISION/Casting/train/000007.jpg,data/VISION_masks/Casting/train/000007.png,1,9.694431518535753e-05,1176,2456
Casting_train_000008,data/VISION/Casting/train/000008.jpg,data/VISION_masks/Casting/train/000008.png,1,0.0005633157171663454,1176,2456
Casting_train_000009,data/VISION/Casting/train/000009.jpg,data/VISION_masks/Casting/train/000009.png,1,0.0005792422832325112,1176,2456
Casting_train_000010,data/VISION/Casting/train/000010.jpg,data/VISION_masks/Casting/train/000010.png,1,0.0007056161226705666,1176,2456
Casting_train_000011,data/VISION/Casting/train/000011.jpg,data/VISION_masks/Casting/train/000011.png,1,9.867546367081034e-05,1176,2456
Casting_train_000012,data/VISION/Casting/train/000012.jpg,data/VISION_masks/Casting/train/000012.png,1,0.0003548854395178267,1176,2456
Casting_train_000013,data/VISION/Casting/train/000013.jpg,data/VISION_masks/Casting/train/000013.png,1,0.0001880027255201755,1176,2456
Casting_train_000014,data/VISION/Casting/train/000014.jpg,data/VISION_masks/Casting/train/000014.png,1,0.0006079793480910279,1176,2456
Casting_train_000015,data/VISION/Casting/train/000015.jpg,data/VISION_masks/Casting/train/000015.png,1,0.00010836989518934609,1176,2456
Casting_train_000016,data/VISION/Casting/train/000016.jpg,data/VISION_masks/Casting/train/000016.png,1,0.0015846933235835051,1176,2456
Casting_train_000017,data/VISION/Casting/train/000017.jpg,data/VISION_masks/Casting/train/000017.png,1,0.000995756608832458,1176,2456
Casting_train_000018,data/VISION/Casting/train/000018.jpg,data/VISION_masks/Casting/train/000018.png,1,6.889970972102196e-05,1176,2456
Casting_train_000019,data/VISION/Casting/train/000019.jpg,data/VISION_masks/Casting/train/000019.png,1,0.00024201455826630325,1176,2456
Casting_train_000020,data/VISION/Casting/train/000020.jpg,data/VISION_masks/Casting/train/000020.png,1,0.0012855508652972589,1176,2456
Casting_train_000021,data/VISION/Casting/train/000021.jpg,data/VISION_masks/Casting/train/000021.png,1,0.0016934094484699416,1176,2456
Casting_train_000022,data/VISION/Casting/train/000022.jpg,data/VISION_masks/Casting/train/000022.png,1,0.0005269615989718363,1176,2456
Casting_train_000023,data/VISION/Casting/train/000023.jpg,data/VISION_masks/Casting/train/000023.png,1,0.0009344739524474284,1176,2456
Casting_train_000024,data/VISION/Casting/train/000024.jpg,data/VISION_masks/Casting/train/000024.png,1,0.0006990377584258459,1176,2456
Casting_train_000025,data/VISION/Casting/train/000025.jpg,data/VISION_masks/Casting/train/000025.png,1,0.0005664317844401605,1176,2456
Casting_train_000026,data/VISION/Casting/train/000026.jpg,data/VISION_masks/Casting/train/000026.png,1,0.000555698663830353,1176,2456
Casting_train_000027,data/VISION/Casting/train/000027.jpg,data/VISION_masks/Casting/train/000027.png,1,0.0003552316692149172,1176,2456
Casting_train_000028,data/VISION/Casting/train/000028.jpg,data/VISION_masks/Casting/train/000028.png,1,0.00012256531277005916,1176,2456
Casting_train_000029,data/VISION/Casting/train/000029.jpg,data/VISION_masks/Casting/train/000029.png,1,0.00018973387400562832,1176,2456
Casting_train_000030,data/VISION/Casting/train/000030.jpg,data/VISION_masks/Casting/train/000030.png,1,0.0008728450663653083,1176,2456
Casting_train_000031,data/VISION/Casting/train/000031.jpg,data/VISION_masks/Casting/train/000031.png,1,0.0012405410046754859,1176,2456
Casting_train_000032,data/VISION/Casting/train/000032.jpg,data/VISION_masks/Casting/train/000032.png,1,0.0007859414123955772,1176,2456
Casting_train_000033,data/VISION/Casting/train/000033.jpg,data/VISION_masks/Casting/train/000033.png,1,0.0007177341620687363,1176,2456
Casting_train_000034,data/VISION/Casting/train/000034.jpg,data/VISION_masks/Casting/train/000034.png,1,0.00011806432670788184,1176,2456
Casting_train_000035,data/VISION/Casting/train/000035.jpg,data/VISION_masks/Casting/train/000035.png,1,0.0005061878171464026,1176,2456
Casting_train_000036,data/VISION/Casting/train/000036.jpg,data/VISION_masks/Casting/train/000036.png,1,0.0018872980788406568,1176,2456
Casting_train_000037,data/VISION/Casting/train/000037.jpg,data/VISION_masks/Casting/train/000037.png,1,9.07121806377274e-05,1176,2456
Casting_train_000038,data/VISION/Casting/train/000038.jpg,data/VISION_masks/Casting/train/000038.png,1,3.773903698287133e-05,1176,2456
Casting_train_000039,data/VISION/Casting/train/000039.jpg,data/VISION_masks/Casting/train/000039.png,1,0.00037185069467526426,1176,2456
Casting_train_000040,data/VISION/Casting/train/000040.jpg,data/VISION_masks/Casting/train/000040.png,1,0.000348307075273106,1176,2456
Casting_train_000041,data/VISION/Casting/train/000041.jpg,data/VISION_masks/Casting/train/000041.png,1,0.0007887112499723016,1176,2456
Casting_train_000042,data/VISION/Casting/train/000042.jpg,data/VISION_masks/Casting/train/000042.png,1,0.0003178388619291365,1176,2456
Casting_train_000043,data/VISION/Casting/train/000043.jpg,data/VISION_masks/Casting/train/000043.png,1,0.0006242521438542843,1176,2456
Casting_train_000044,data/VISION/Casting/train/000044.jpg,data/VISION_masks/Casting/train/000044.png,1,0.0007083859602472911,1176,2456
Casting_train_000045,data/VISION/Casting/train/000045.jpg,data/VISION_masks/Casting/train/000045.png,1,0.000983984799131379,1176,2456
Casting_train_000046,data/VISION/Casting/train/000046.jpg,data/VISION_masks/Casting/train/000046.png,1,0.00022920405947395245,1176,2456
Casting_train_000047,data/VISION/Casting/train/000047.jpg,data/VISION_masks/Casting/train/000047.png,1,0.00045286844379445587,1176,2456
Casting_train_000048,data/VISION/Casting/train/000048.jpg,data/VISION_masks/Casting/train/000048.png,1,0.00021223880431651488,1176,2456
Casting_train_000049,data/VISION/Casting/train/000049.jpg,data/VISION_masks/Casting/train/000049.png,1,0.000577857364444149,1176,2456
Casting_train_000050,data/VISION/Casting/train/000050.jpg,data/VISION_masks/Casting/train/000050.png,1,0.0009684044627623036,1176,2456
Casting_train_000051,data/VISION/Casting/train/000051.jpg,data/VISION_masks/Casting/train/000051.png,1,0.00014333909459549293,1176,2456
Casting_train_000052,data/VISION/Casting/train/000052.jpg,data/VISION_masks/Casting/train/000052.png,1,6.716856123556915e-05,1176,2456
Casting_train_000053,data/VISION/Casting/train/000053.jpg,data/VISION_masks/Casting/train/000053.png,1,0.0008679978506060405,1176,2456
Console_train_000000,data/VISION/Console/train/000000.jpg,data/VISION_masks/Console/train/000000.png,1,0.0018538103469189714,2748,3840
Console_train_000001,data/VISION/Console/train/000001.jpg,data/VISION_masks/Console/train/000001.png,1,6.59570596797671e-05,2748,3840
Console_train_000002,data/VISION/Console/train/000002.jpg,data/VISION_masks/Console/train/000002.png,1,0.016869370906113536,2748,3840
Console_train_000003,data/VISION/Console/train/000003.jpg,data/VISION_masks/Console/train/000003.png,1,0.013306742024502669,2748,3840
Console_train_000004,data/VISION/Console/train/000004.jpg,data/VISION_masks/Console/train/000004.png,1,0.0020237255883066474,2748,3840
Console_train_000005,data/VISION/Console/train/000005.jpg,data/VISION_masks/Console/train/000005.png,1,0.0013926795245026687,2748,3840
Console_train_000006,data/VISION/Console/train/000006.jpg,data/VISION_masks/Console/train/000006.png,1,0.0005940755208333333,1280,1920
Console_train_000007,data/VISION/Console/train/000007.jpg,data/VISION_masks/Console/train/000007.png,1,8.992513020833334e-05,1280,1920
Console_train_000008,data/VISION/Console/train/000008.jpg,data/VISION_masks/Console/train/000008.png,1,0.00017560119480834545,2748,3840
Console_train_000009,data/VISION/Console/train/000009.jpg,data/VISION_masks/Console/train/000009.png,1,0.00010823567708333334,1280,1920
Console_train_000010,data/VISION/Console/train/000010.jpg,data/VISION_masks/Console/train/000010.png,1,0.00020232517588549248,2748,3840
Console_train_000011,data/VISION/Console/train/000011.jpg,data/VISION_masks/Console/train/000011.png,1,0.008671931859534207,2748,3840
Console_train_000012,data/VISION/Console/train/000012.jpg,data/VISION_masks/Console/train/000012.png,1,0.00040218643862202814,2748,3840
Console_train_000013,data/VISION/Console/train/000013.jpg,data/VISION_masks/Console/train/000013.png,1,0.007256673177083333,1280,1920
Console_train_000014,data/VISION/Console/train/000014.jpg,data/VISION_masks/Console/train/000014.png,1,0.00027709546336729743,2748,3840
Console_train_000015,data/VISION/Console/train/000015.jpg,data/VISION_masks/Console/train/000015.png,1,0.0010271674854439592,2748,3840
Console_train_000016,data/VISION/Console/train/000016.jpg,data/VISION_masks/Console/train/000016.png,1,7.116918364871422e-05,2748,3840
Console_train_000017,data/VISION/Console/train/000017.jpg,data/VISION_masks/Console/train/000017.png,1,2.8714064774381368e-05,2748,3840
Console_train_000018,data/VISION/Console/train/000018.jpg,data/VISION_masks/Console/train/000018.png,1,0.00130126953125,1280,1920
Console_train_000019,data/VISION/Console/train/000019.jpg,data/VISION_masks/Console/train/000019.png,1,0.00496781750363901,2748,3840
Console_train_000020,data/VISION/Console/train/000020.jpg,data/VISION_masks/Console/train/000020.png,1,0.002017565805434255,2748,3840
Console_train_000021,data/VISION/Console/train/000021.jpg,data/VISION_masks/Console/train/000021.png,1,0.0017790400594371665,2748,3840
Console_train_000022,data/VISION/Console/train/000022.jpg,data/VISION_masks/Console/train/000022.png,1,0.001245318565016982,2748,3840
Console_train_000023,data/VISION/Console/train/000023.jpg,data/VISION_masks/Console/train/000023.png,1,4.4255670790878215e-05,2748,3840
Console_train_000024,data/VISION/Console/train/000024.jpg,data/VISION_masks/Console/train/000024.png,1,0.00029036268801552645,2748,3840
Console_train_000025,data/VISION/Console/train/000025.jpg,data/VISION_masks/Console/train/000025.png,1,0.0002921632399320718,2748,3840
Console_train_000026,data/VISION/Console/train/000026.jpg,data/VISION_masks/Console/train/000026.png,1,4.7607421875e-05,1280,1920
Console_train_000027,data/VISION/Console/train/000027.jpg,data/VISION_masks/Console/train/000027.png,1,0.000240478515625,1280,1920
Console_train_000028,data/VISION/Console/train/000028.jpg,data/VISION_masks/Console/train/000028.png,1,0.0006643088913148957,2748,3840
Console_train_000029,data/VISION/Console/train/000029.jpg,data/VISION_masks/Console/train/000029.png,1,0.006464739507520621,2748,3840
Console_train_000030,data/VISION/Console/train/000030.jpg,data/VISION_masks/Console/train/000030.png,1,0.00016337639495390586,2748,3840
Console_train_000031,data/VISION/Console/train/000031.jpg,data/VISION_masks/Console/train/000031.png,1,0.00048169502062105773,2748,3840
Console_train_000032,data/VISION/Console/train/000032.jpg,data/VISION_masks/Console/train/000032.png,1,0.004674896136584183,2748,3840
Console_train_000033,data/VISION/Console/train/000033.jpg,data/VISION_masks/Console/train/000033.png,1,0.010010973890101893,2748,3840
Console_train_000034,data/VISION/Console/train/000034.jpg,data/VISION_masks/Console/train/000034.png,1,0.0029778285722950023,2748,3840
Console_train_000035,data/VISION/Console/train/000035.jpg,data/VISION_masks/Console/train/000035.png,1,0.00014224360140708395,2748,3840
Console_train_000036,data/VISION/Console/train/000036.jpg,data/VISION_masks/Console/train/000036.png,1,7.552841460456089e-05,2748,3840
Console_train_000037,data/VISION/Console/train/000037.jpg,data/VISION_masks/Console/train/000037.png,1,0.02293173444323144,2748,3840
Console_train_000038,data/VISION/Console/train/000038.jpg,data/VISION_masks/Console/train/000038.png,1,0.00013778960456089278,2748,3840
Console_train_000039,data/VISION/Console/train/000039.jpg,data/VISION_masks/Console/train/000039.png,1,0.0016117782629791364,2748,3840
Console_train_000040,data/VISION/Console/train/000040.jpg,data/VISION_masks/Console/train/000040.png,1,0.06897355273532266,2748,3840
Console_train_000041,data/VISION/Console/train/000041.jpg,data/VISION_masks/Console/train/000041.png,1,0.00043582832969432314,2748,3840
Console_train_000042,data/VISION/Console/train/000042.jpg,data/VISION_masks/Console/train/000042.png,1,0.0004934459910237749,2748,3840
Console_train_000043,data/VISION/Console/train/000043.jpg,data/VISION_masks/Console/train/000043.png,1,0.01239518892527899,2748,3840
Console_train_000044,data/VISION/Console/train/000044.jpg,data/VISION_masks/Console/train/000044.png,1,2.7861171761280932e-05,2748,3840
Console_train_000045,data/VISION/Console/train/000045.jpg,data/VISION_masks/Console/train/000045.png,1,0.0016582135492479379,2748,3840
Console_train_000046,data/VISION/Console/train/000046.jpg,data/VISION_masks/Console/train/000046.png,1,0.0003825698993207181,2748,3840
Console_train_000047,data/VISION/Console/train/000047.jpg,data/VISION_masks/Console/train/000047.png,1,5.088928311499272e-05,2748,3840
Console_train_000048,data/VISION/Console/train/000048.jpg,data/VISION_masks/Console/train/000048.png,1,0.0010779620026686075,2748,3840
Console_train_000049,data/VISION/Console/train/000049.jpg,data/VISION_masks/Console/train/000049.png,1,0.00014584470524017467,2748,3840
Console_train_000050,data/VISION/Console/train/000050.jpg,data/VISION_masks/Console/train/000050.png,1,5.289713541666667e-05,1280,1920
Console_train_000051,data/VISION/Console/train/000051.jpg,data/VISION_masks/Console/train/000051.png,1,0.0010320953117418728,2748,3840
Console_train_000052,data/VISION/Console/train/000052.jpg,data/VISION_masks/Console/train/000052.png,1,0.015284885219553615,2748,3840
Console_train_000053,data/VISION/Console/train/000053.jpg,data/VISION_masks/Console/train/000053.png,1,0.0005358063440077632,2748,3840
Console_train_000054,data/VISION/Console/train/000054.jpg,data/VISION_masks/Console/train/000054.png,1,0.005271636948083454,2748,3840
Console_train_000055,data/VISION/Console/train/000055.jpg,data/VISION_masks/Console/train/000055.png,1,0.0009663899739583334,1280,1920
Console_train_000056,data/VISION/Console/train/000056.jpg,data/VISION_masks/Console/train/000056.png,1,0.002370284449296458,2748,3840
Console_train_000057,data/VISION/Console/train/000057.jpg,data/VISION_masks/Console/train/000057.png,1,0.020971691533236293,2748,3840
Console_train_000058,data/VISION/Console/train/000058.jpg,data/VISION_masks/Console/train/000058.png,1,0.0048579838367297425,2748,3840
Console_train_000059,data/VISION/Console/train/000059.jpg,data/VISION_masks/Console/train/000059.png,1,0.008197154748908296,2748,3840
Console_train_000060,data/VISION/Console/train/000060.jpg,data/VISION_masks/Console/train/000060.png,1,0.0031880696614583334,1280,1920
Console_train_000061,data/VISION/Console/train/000061.jpg,data/VISION_masks/Console/train/000061.png,1,0.0019189453125,1280,1920
Console_train_000062,data/VISION/Console/train/000062.jpg,data/VISION_masks/Console/train/000062.png,1,0.010948966672731684,2748,3840
Console_train_000063,data/VISION/Console/train/000063.jpg,data/VISION_masks/Console/train/000063.png,1,0.00023885091145833335,1280,1920
Console_train_000064,data/VISION/Console/train/000064.jpg,data/VISION_masks/Console/train/000064.png,1,0.006720512645560408,2748,3840
Console_train_000065,data/VISION/Console/train/000065.jpg,data/VISION_masks/Console/train/000065.png,1,0.0219214352862688,2748,3840
Console_train_000066,data/VISION/Console/train/000066.jpg,data/VISION_masks/Console/train/000066.png,1,0.0013491819808345463,2748,3840
Console_train_000067,data/VISION/Console/train/000067.jpg,data/VISION_masks/Console/train/000067.png,1,0.016653588973799125,2748,3840
Console_train_000068,data/VISION/Console/train/000068.jpg,data/VISION_masks/Console/train/000068.png,1,4.3538411458333336e-05,1280,1920
Console_train_000069,data/VISION/Console/train/000069.jpg,data/VISION_masks/Console/train/000069.png,1,0.0051860633491023775,2748,3840
Console_train_000070,data/VISION/Console/train/000070.jpg,data/VISION_masks/Console/train/000070.png,1,0.10798055013020834,1280,1920
Console_train_000071,data/VISION/Console/train/000071.jpg,data/VISION_masks/Console/train/000071.png,1,0.002783463731198447,2748,3840
Console_train_000072,data/VISION/Console/train/000072.jpg,data/VISION_masks/Console/train/000072.png,1,0.013520060043668122,2748,3840
Console_train_000073,data/VISION/Console/train/000073.jpg,data/VISION_masks/Console/train/000073.png,1,0.00241103378214459,2748,3840
Console_train_000074,data/VISION/Console/train/000074.jpg,data/VISION_masks/Console/train/000074.png,1,0.011141910025473071,2748,3840
Console_train_000075,data/VISION/Console/train/000075.jpg,data/VISION_masks/Console/train/000075.png,1,0.023980319019893257,2748,3840
Console_train_000076,data/VISION/Console/train/000076.jpg,data/VISION_masks/Console/train/000076.png,1,0.010109909479621542,2748,3840
Console_train_000077,data/VISION/Console/train/000077.jpg,data/VISION_masks/Console/train/000077.png,1,0.00040749332848131976,2748,3840
Console_train_000078,data/VISION/Console/train/000078.jpg,data/VISION_masks/Console/train/000078.png,1,7.4462890625e-05,1280,1920
Console_train_000079,data/VISION/Console/train/000079.jpg,data/VISION_masks/Console/train/000079.png,1,3.146227559437166e-05,2748,3840
Console_train_000080,data/VISION/Console/train/000080.jpg,data/VISION_masks/Console/train/000080.png,1,0.00494924338913149,2748,3840
Console_train_000081,data/VISION/Console/train/000081.jpg,data/VISION_masks/Console/train/000081.png,1,0.0002880859375,1280,1920
Console_train_000082,data/VISION/Console/train/000082.jpg,data/VISION_masks/Console/train/000082.png,1,6.510416666666667e-05,2748,3840
Console_train_000083,data/VISION/Console/train/000083.jpg,data/VISION_masks/Console/train/000083.png,1,0.022770442897865114,2748,3840
Console_train_000084,data/VISION/Console/train/000084.jpg,data/VISION_masks/Console/train/000084.png,1,0.0014095478529839883,2748,3840
Console_train_000085,data/VISION/Console/train/000085.jpg,data/VISION_masks/Console/train/000085.png,1,0.01121042576419214,2748,3840
Console_train_000086,data/VISION/Console/train/000086.jpg,data/VISION_masks/Console/train/000086.png,1,0.000936192230713246,2748,3840
Console_train_000087,data/VISION/Console/train/000087.jpg,data/VISION_masks/Console/train/000087.png,1,0.011001466975982532,2748,3840
Console_train_000088,data/VISION/Console/train/000088.jpg,data/VISION_masks/Console/train/000088.png,1,0.00034674839277049974,2748,3840
Console_train_000089,data/VISION/Console/train/000089.jpg,data/VISION_masks/Console/train/000089.png,1,0.007608374272197962,2748,3840
Console_train_000090,data/VISION/Console/train/000090.jpg,data/VISION_masks/Console/train/000090.png,1,0.022296802977923337,2748,3840
Console_train_000091,data/VISION/Console/train/000091.jpg,data/VISION_masks/Console/train/000091.png,1,0.0007030681404657933,2748,3840
Console_train_000092,data/VISION/Console/train/000092.jpg,data/VISION_masks/Console/train/000092.png,1,0.0007445756004366812,2748,3840
Console_train_000093,data/VISION/Console/train/000093.jpg,data/VISION_masks/Console/train/000093.png,1,0.0021625576176613295,2748,3840
Console_train_000094,data/VISION/Console/train/000094.jpg,data/VISION_masks/Console/train/000094.png,1,0.0010563151041666668,1280,1920
Cylinder_train_000000,data/VISION/Cylinder/train/000000.jpg,data/VISION_masks/Cylinder/train/000000.png,1,0.1680078125,1200,1600
Cylinder_train_000001,data/VISION/Cylinder/train/000001.jpg,data/VISION_masks/Cylinder/train/000001.png,1,0.0018098958333333333,1200,1600
Cylinder_train_000002,data/VISION/Cylinder/train/000002.jpg,data/VISION_masks/Cylinder/train/000002.png,1,0.0008283736439998312,1192,1590
Cylinder_train_000003,data/VISION/Cylinder/train/000003.jpg,data/VISION_masks/Cylinder/train/000003.png,1,0.00016510416666666667,1200,1600
Cylinder_train_000004,data/VISION/Cylinder/train/000004.jpg,data/VISION_masks/Cylinder/train/000004.png,1,0.0005114583333333334,1200,1600
Cylinder_train_000005,data/VISION/Cylinder/train/000005.jpg,data/VISION_masks/Cylinder/train/000005.png,1,0.00034739583333333335,1200,1600
Cylinder_train_000006,data/VISION/Cylinder/train/000006.jpg,data/VISION_masks/Cylinder/train/000006.png,1,0.00139375,1200,1600
Cylinder_train_000007,data/VISION/Cylinder/train/000007.jpg,data/VISION_masks/Cylinder/train/000007.png,1,0.0007703125,1200,1600
Cylinder_train_000008,data/VISION/Cylinder/train/000008.jpg,data/VISION_masks/Cylinder/train/000008.png,1,0.0016015625,1200,1600
Cylinder_train_000009,data/VISION/Cylinder/train/000009.jpg,data/VISION_masks/Cylinder/train/000009.png,1,0.17164791666666668,1200,1600
Cylinder_train_000010,data/VISION/Cylinder/train/000010.jpg,data/VISION_masks/Cylinder/train/000010.png,1,0.1703875,1200,1600
Cylinder_train_000011,data/VISION/Cylinder/train/000011.jpg,data/VISION_masks/Cylinder/train/000011.png,1,0.0005713541666666666,1200,1600
Cylinder_train_000012,data/VISION/Cylinder/train/000012.jpg,data/VISION_masks/Cylinder/train/000012.png,1,0.170796875,1200,1600
Cylinder_train_000013,data/VISION/Cylinder/train/000013.jpg,data/VISION_masks/Cylinder/train/000013.png,1,0.0003375,1200,1600
Cylinder_train_000014,data/VISION/Cylinder/train/000014.jpg,data/VISION_masks/Cylinder/train/000014.png,1,0.000803125,1200,1600
Cylinder_train_000015,data/VISION/Cylinder/train/000015.jpg,data/VISION_masks/Cylinder/train/000015.png,1,0.00014479166666666666,1200,1600
Cylinder_train_000016,data/VISION/Cylinder/train/000016.jpg,data/VISION_masks/Cylinder/train/000016.png,1,0.0012838541666666667,1200,1600
Cylinder_train_000017,data/VISION/Cylinder/train/000017.jpg,data/VISION_masks/Cylinder/train/000017.png,1,0.0007885416666666667,1200,1600
Cylinder_train_000018,data/VISION/Cylinder/train/000018.jpg,data/VISION_masks/Cylinder/train/000018.png,1,0.1700015625,1200,1600
Cylinder_train_000019,data/VISION/Cylinder/train/000019.jpg,data/VISION_masks/Cylinder/train/000019.png,1,0.000275,1200,1600
Cylinder_train_000020,data/VISION/Cylinder/train/000020.jpg,data/VISION_masks/Cylinder/train/000020.png,1,0.0038135416666666665,1200,1600
Cylinder_train_000021,data/VISION/Cylinder/train/000021.jpg,data/VISION_masks/Cylinder/train/000021.png,1,0.004183333333333333,1200,1600
Cylinder_train_000022,data/VISION/Cylinder/train/000022.jpg,data/VISION_masks/Cylinder/train/000022.png,1,0.0007505208333333333,1200,1600
Cylinder_train_000023,data/VISION/Cylinder/train/000023.jpg,data/VISION_masks/Cylinder/train/000023.png,1,0.00021145833333333333,1200,1600
Cylinder_train_000024,data/VISION/Cylinder/train/000024.jpg,data/VISION_masks/Cylinder/train/000024.png,1,0.0008932291666666666,1200,1600
Cylinder_train_000025,data/VISION/Cylinder/train/000025.jpg,data/VISION_masks/Cylinder/train/000025.png,1,0.1714890625,1200,1600
Cylinder_train_000026,data/VISION/Cylinder/train/000026.jpg,data/VISION_masks/Cylinder/train/000026.png,1,0.0019046875,1200,1600
Cylinder_train_000027,data/VISION/Cylinder/train/000027.jpg,data/VISION_masks/Cylinder/train/000027.png,1,0.00026822916666666667,1200,1600
Cylinder_train_000028,data/VISION/Cylinder/train/000028.jpg,data/VISION_masks/Cylinder/train/000028.png,1,0.0008895833333333334,1200,1600
Cylinder_train_000029,data/VISION/Cylinder/train/000029.jpg,data/VISION_masks/Cylinder/train/000029.png,1,0.0012151238867080325,1192,1590
Cylinder_train_000030,data/VISION/Cylinder/train/000030.jpg,data/VISION_masks/Cylinder/train/000030.png,1,0.0006270833333333333,1200,1600
Cylinder_train_000031,data/VISION/Cylinder/train/000031.jpg,data/VISION_masks/Cylinder/train/000031.png,1,0.000984375,1200,1600
Cylinder_train_000032,data/VISION/Cylinder/train/000032.jpg,data/VISION_masks/Cylinder/train/000032.png,1,0.17370052083333334,1200,1600
Cylinder_train_000033,data/VISION/Cylinder/train/000033.jpg,data/VISION_masks/Cylinder/train/000033.png,1,0.1737203125,1200,1600
Cylinder_train_000034,data/VISION/Cylinder/train/000034.jpg,data/VISION_masks/Cylinder/train/000034.png,1,0.17253072916666667,1200,1600
Cylinder_train_000035,data/VISION/Cylinder/train/000035.jpg,data/VISION_masks/Cylinder/train/000035.png,1,0.17237291666666665,1200,1600
Cylinder_train_000036,data/VISION/Cylinder/train/000036.jpg,data/VISION_masks/Cylinder/train/000036.png,1,0.17264791666666668,1200,1600
Cylinder_train_000037,data/VISION/Cylinder/train/000037.jpg,data/VISION_masks/Cylinder/train/000037.png,1,0.0008552083333333334,1200,1600
Cylinder_train_000038,data/VISION/Cylinder/train/000038.jpg,data/VISION_masks/Cylinder/train/000038.png,1,0.00038854166666666665,1200,1600
Cylinder_train_000039,data/VISION/Cylinder/train/000039.jpg,data/VISION_masks/Cylinder/train/000039.png,1,0.000878125,1200,1600
Cylinder_train_000040,data/VISION/Cylinder/train/000040.jpg,data/VISION_masks/Cylinder/train/000040.png,1,0.00014583333333333335,1200,1600
Cylinder_train_000041,data/VISION/Cylinder/train/000041.jpg,data/VISION_masks/Cylinder/train/000041.png,1,0.0010223958333333333,1200,1600
Cylinder_train_000042,data/VISION/Cylinder/train/000042.jpg,data/VISION_masks/Cylinder/train/000042.png,1,0.0011244791666666666,1200,1600
Cylinder_train_000043,data/VISION/Cylinder/train/000043.jpg,data/VISION_masks/Cylinder/train/000043.png,1,0.0010838541666666666,1200,1600
Cylinder_train_000044,data/VISION/Cylinder/train/000044.jpg,data/VISION_masks/Cylinder/train/000044.png,1,0.0003276041666666667,1200,1600
Cylinder_train_000045,data/VISION/Cylinder/train/000045.jpg,data/VISION_masks/Cylinder/train/000045.png,1,0.000365625,1200,1600
Cylinder_train_000046,data/VISION/Cylinder/train/000046.jpg,data/VISION_masks/Cylinder/train/000046.png,1,0.0014927083333333333,1200,1600
Cylinder_train_000047,data/VISION/Cylinder/train/000047.jpg,data/VISION_masks/Cylinder/train/000047.png,1,0.001662023553248069,1192,1590
Cylinder_train_000048,data/VISION/Cylinder/train/000048.jpg,data/VISION_masks/Cylinder/train/000048.png,1,0.003479166666666667,1200,1600
Cylinder_train_000049,data/VISION/Cylinder/train/000049.jpg,data/VISION_masks/Cylinder/train/000049.png,1,0.0003625,1200,1600
Cylinder_train_000050,data/VISION/Cylinder/train/000050.jpg,data/VISION_masks/Cylinder/train/000050.png,1,0.0007,1200,1600
Cylinder_train_000051,data/VISION/Cylinder/train/000051.jpg,data/VISION_masks/Cylinder/train/000051.png,1,0.17226510416666665,1200,1600
Cylinder_train_000052,data/VISION/Cylinder/train/000052.jpg,data/VISION_masks/Cylinder/train/000052.png,1,0.0006604166666666667,1200,1600
Cylinder_train_000053,data/VISION/Cylinder/train/000053.jpg,data/VISION_masks/Cylinder/train/000053.png,1,0.0010203125,1200,1600
Cylinder_train_000054,data/VISION/Cylinder/train/000054.jpg,data/VISION_masks/Cylinder/train/000054.png,1,0.0008244791666666667,1200,1600
Cylinder_train_000055,data/VISION/Cylinder/train/000055.jpg,data/VISION_masks/Cylinder/train/000055.png,1,0.1704734375,1200,1600
Cylinder_train_000056,data/VISION/Cylinder/train/000056.jpg,data/VISION_masks/Cylinder/train/000056.png,1,0.169028125,1200,1600
Cylinder_train_000057,data/VISION/Cylinder/train/000057.jpg,data/VISION_masks/Cylinder/train/000057.png,1,0.002187539571989363,1192,1590
Cylinder_train_000058,data/VISION/Cylinder/train/000058.jpg,data/VISION_masks/Cylinder/train/000058.png,1,0.0002703125,1200,1600
Cylinder_train_000059,data/VISION/Cylinder/train/000059.jpg,data/VISION_masks/Cylinder/train/000059.png,1,0.0038947916666666666,1200,1600
Cylinder_train_000060,data/VISION/Cylinder/train/000060.jpg,data/VISION_masks/Cylinder/train/000060.png,1,0.0002494791666666667,1200,1600
Cylinder_train_000061,data/VISION/Cylinder/train/000061.jpg,data/VISION_masks/Cylinder/train/000061.png,1,0.16996302083333334,1200,1600
Cylinder_train_000062,data/VISION/Cylinder/train/000062.jpg,data/VISION_masks/Cylinder/train/000062.png,1,0.0004234375,1200,1600
Cylinder_train_000063,data/VISION/Cylinder/train/000063.jpg,data/VISION_masks/Cylinder/train/000063.png,1,0.0002875,1200,1600
Cylinder_train_000064,data/VISION/Cylinder/train/000064.jpg,data/VISION_masks/Cylinder/train/000064.png,1,0.0028817708333333334,1200,1600
Cylinder_train_000065,data/VISION/Cylinder/train/000065.jpg,data/VISION_masks/Cylinder/train/000065.png,1,0.00065,1200,1600
Cylinder_train_000066,data/VISION/Cylinder/train/000066.jpg,data/VISION_masks/Cylinder/train/000066.png,1,0.0007026041666666667,1200,1600
Cylinder_train_000067,data/VISION/Cylinder/train/000067.jpg,data/VISION_masks/Cylinder/train/000067.png,1,0.0032723397070617533,1192,1590
Cylinder_train_000068,data/VISION/Cylinder/train/000068.jpg,data/VISION_masks/Cylinder/train/000068.png,1,0.17186510416666667,1200,1600
Cylinder_train_000069,data/VISION/Cylinder/train/000069.jpg,data/VISION_masks/Cylinder/train/000069.png,1,0.1721703125,1200,1600
Cylinder_train_000070,data/VISION/Cylinder/train/000070.jpg,data/VISION_masks/Cylinder/train/000070.png,1,0.00019166666666666667,1200,1600
Cylinder_train_000071,data/VISION/Cylinder/train/000071.jpg,data/VISION_masks/Cylinder/train/000071.png,1,0.0002932291666666667,1200,1600
Cylinder_train_000072,data/VISION/Cylinder/train/000072.jpg,data/VISION_masks/Cylinder/train/000072.png,1,0.0011458333333333333,1200,1600
Cylinder_train_000073,data/VISION/Cylinder/train/000073.jpg,data/VISION_masks/Cylinder/train/000073.png,1,0.0004796875,1200,1600
Cylinder_train_000074,data/VISION/Cylinder/train/000074.jpg,data/VISION_masks/Cylinder/train/000074.png,1,0.004599479166666667,1200,1600
Cylinder_train_000075,data/VISION/Cylinder/train/000075.jpg,data/VISION_masks/Cylinder/train/000075.png,1,0.0027796875,1200,1600
Cylinder_train_000076,data/VISION/Cylinder/train/000076.jpg,data/VISION_masks/Cylinder/train/000076.png,1,0.17071302083333334,1200,1600
Cylinder_train_000077,data/VISION/Cylinder/train/000077.jpg,data/VISION_masks/Cylinder/train/000077.png,1,0.17200416666666668,1200,1600
Cylinder_train_000078,data/VISION/Cylinder/train/000078.jpg,data/VISION_masks/Cylinder/train/000078.png,1,0.0025729166666666665,1200,1600
Cylinder_train_000079,data/VISION/Cylinder/train/000079.jpg,data/VISION_masks/Cylinder/train/000079.png,1,0.16973333333333335,1200,1600
Cylinder_train_000080,data/VISION/Cylinder/train/000080.jpg,data/VISION_masks/Cylinder/train/000080.png,1,0.005016145833333333,1200,1600
Cylinder_train_000081,data/VISION/Cylinder/train/000081.jpg,data/VISION_masks/Cylinder/train/000081.png,1,0.0006136296483896838,1192,1590
Cylinder_train_000082,data/VISION/Cylinder/train/000082.jpg,data/VISION_masks/Cylinder/train/000082.png,1,0.000959375,1200,1600
Cylinder_train_000083,data/VISION/Cylinder/train/000083.jpg,data/VISION_masks/Cylinder/train/000083.png,1,0.0017802083333333333,1200,1600
Cylinder_train_000084,data/VISION/Cylinder/train/000084.jpg,data/VISION_masks/Cylinder/train/000084.png,1,0.00024375,1200,1600
Cylinder_train_000085,data/VISION/Cylinder/train/000085.jpg,data/VISION_masks/Cylinder/train/000085.png,1,0.000371875,1200,1600
Cylinder_train_000086,data/VISION/Cylinder/train/000086.jpg,data/VISION_masks/Cylinder/train/000086.png,1,0.17056822916666667,1200,1600
Cylinder_train_000087,data/VISION/Cylinder/train/000087.jpg,data/VISION_masks/Cylinder/train/000087.png,1,0.0008463541666666667,1200,1600
Cylinder_train_000088,data/VISION/Cylinder/train/000088.jpg,data/VISION_masks/Cylinder/train/000088.png,1,0.0030473958333333334,1200,1600
Cylinder_train_000089,data/VISION/Cylinder/train/000089.jpg,data/VISION_masks/Cylinder/train/000089.png,1,0.0016067708333333333,1200,1600
Cylinder_train_000090,data/VISION/Cylinder/train/000090.jpg,data/VISION_masks/Cylinder/train/000090.png,1,0.0024729855219281583,1192,1590
Cylinder_train_000091,data/VISION/Cylinder/train/000091.jpg,data/VISION_masks/Cylinder/train/000091.png,1,0.0009523658773373855,1192,1590
Cylinder_train_000092,data/VISION/Cylinder/train/000092.jpg,data/VISION_masks/Cylinder/train/000092.png,1,0.0002375,1200,1600
Cylinder_train_000093,data/VISION/Cylinder/train/000093.jpg,data/VISION_masks/Cylinder/train/000093.png,1,0.0017020833333333332,1200,1600
Cylinder_train_000094,data/VISION/Cylinder/train/000094.jpg,data/VISION_masks/Cylinder/train/000094.png,1,0.0160609375,1200,1600
Cylinder_train_000095,data/VISION/Cylinder/train/000095.jpg,data/VISION_masks/Cylinder/train/000095.png,1,0.00011510416666666666,1200,1600
Cylinder_train_000096,data/VISION/Cylinder/train/000096.jpg,data/VISION_masks/Cylinder/train/000096.png,1,0.007946875,1200,1600
Cylinder_train_000097,data/VISION/Cylinder/train/000097.jpg,data/VISION_masks/Cylinder/train/000097.png,1,0.0007739583333333333,1200,1600
Cylinder_train_000098,data/VISION/Cylinder/train/000098.jpg,data/VISION_masks/Cylinder/train/000098.png,1,0.17227604166666666,1200,1600
Cylinder_train_000099,data/VISION/Cylinder/train/000099.jpg,data/VISION_masks/Cylinder/train/000099.png,1,0.16923697916666666,1200,1600
Cylinder_train_000100,data/VISION/Cylinder/train/000100.jpg,data/VISION_masks/Cylinder/train/000100.png,1,0.0012875,1200,1600
Cylinder_train_000101,data/VISION/Cylinder/train/000101.jpg,data/VISION_masks/Cylinder/train/000101.png,1,0.17053385416666667,1200,1600
Cylinder_train_000102,data/VISION/Cylinder/train/000102.jpg,data/VISION_masks/Cylinder/train/000102.png,1,0.00011822916666666667,1200,1600
Cylinder_train_000103,data/VISION/Cylinder/train/000103.jpg,data/VISION_masks/Cylinder/train/000103.png,1,0.0016932291666666667,1200,1600
Cylinder_train_000104,data/VISION/Cylinder/train/000104.jpg,data/VISION_masks/Cylinder/train/000104.png,1,0.17309010416666668,1200,1600
Cylinder_train_000105,data/VISION/Cylinder/train/000105.jpg,data/VISION_masks/Cylinder/train/000105.png,1,9.53125e-05,1200,1600
Cylinder_train_000106,data/VISION/Cylinder/train/000106.jpg,data/VISION_masks/Cylinder/train/000106.png,1,0.17211354166666668,1200,1600
Cylinder_train_000107,data/VISION/Cylinder/train/000107.jpg,data/VISION_masks/Cylinder/train/000107.png,1,0.0017494791666666668,1200,1600
Cylinder_train_000108,data/VISION/Cylinder/train/000108.jpg,data/VISION_masks/Cylinder/train/000108.png,1,0.0024208333333333334,1200,1600
Cylinder_train_000109,data/VISION/Cylinder/train/000109.jpg,data/VISION_masks/Cylinder/train/000109.png,1,0.0009041666666666666,1200,1600
Cylinder_train_000110,data/VISION/Cylinder/train/000110.jpg,data/VISION_masks/Cylinder/train/000110.png,1,0.17186197916666668,1200,1600
Cylinder_train_000111,data/VISION/Cylinder/train/000111.jpg,data/VISION_masks/Cylinder/train/000111.png,1,0.0003442708333333333,1200,1600
Cylinder_train_000112,data/VISION/Cylinder/train/000112.jpg,data/VISION_masks/Cylinder/train/000112.png,1,0.17051666666666668,1200,1600
Cylinder_train_000113,data/VISION/Cylinder/train/000113.jpg,data/VISION_masks/Cylinder/train/000113.png,1,0.0007119791666666666,1200,1600
Cylinder_train_000114,data/VISION/Cylinder/train/000114.jpg,data/VISION_masks/Cylinder/train/000114.png,1,0.0008567708333333333,1200,1600
Cylinder_train_000115,data/VISION/Cylinder/train/000115.jpg,data/VISION_masks/Cylinder/train/000115.png,1,0.00048385416666666667,1200,1600
Cylinder_train_000116,data/VISION/Cylinder/train/000116.jpg,data/VISION_masks/Cylinder/train/000116.png,1,0.0005161458333333333,1200,1600
Cylinder_train_000117,data/VISION/Cylinder/train/000117.jpg,data/VISION_masks/Cylinder/train/000117.png,1,0.004760416666666666,1200,1600
Cylinder_train_000118,data/VISION/Cylinder/train/000118.jpg,data/VISION_masks/Cylinder/train/000118.png,1,0.0034583333333333332,1200,1600
Cylinder_train_000119,data/VISION/Cylinder/train/000119.jpg,data/VISION_masks/Cylinder/train/000119.png,1,0.16977864583333332,1200,1600
Cylinder_train_000120,data/VISION/Cylinder/train/000120.jpg,data/VISION_masks/Cylinder/train/000120.png,1,0.0008895833333333334,1200,1600
Cylinder_train_000121,data/VISION/Cylinder/train/000121.jpg,data/VISION_masks/Cylinder/train/000121.png,1,0.0036078125,1200,1600
Cylinder_train_000122,data/VISION/Cylinder/train/000122.jpg,data/VISION_masks/Cylinder/train/000122.png,1,0.000453125,1200,1600
Cylinder_train_000123,data/VISION/Cylinder/train/000123.jpg,data/VISION_masks/Cylinder/train/000123.png,1,0.0020788485078721878,1192,1590
Cylinder_train_000124,data/VISION/Cylinder/train/000124.jpg,data/VISION_masks/Cylinder/train/000124.png,1,0.0004578125,1200,1600
Cylinder_train_000125,data/VISION/Cylinder/train/000125.jpg,data/VISION_masks/Cylinder/train/000125.png,1,0.0009838541666666667,1200,1600
Cylinder_train_000126,data/VISION/Cylinder/train/000126.jpg,data/VISION_masks/Cylinder/train/000126.png,1,0.0018266430289983538,1192,1590
Cylinder_train_000127,data/VISION/Cylinder/train/000127.jpg,data/VISION_masks/Cylinder/train/000127.png,1,0.0005421875,1200,1600
Cylinder_train_000128,data/VISION/Cylinder/train/000128.jpg,data/VISION_masks/Cylinder/train/000128.png,1,0.00037916666666666665,1200,1600
Cylinder_train_000129,data/VISION/Cylinder/train/000129.jpg,data/VISION_masks/Cylinder/train/000129.png,1,0.17041145833333332,1200,1600
Cylinder_train_000130,data/VISION/Cylinder/train/000130.jpg,data/VISION_masks/Cylinder/train/000130.png,1,0.0008442708333333334,1200,1600
Cylinder_train_000131,data/VISION/Cylinder/train/000131.jpg,data/VISION_masks/Cylinder/train/000131.png,1,0.17314895833333332,1200,1600
Cylinder_train_000132,data/VISION/Cylinder/train/000132.jpg,data/VISION_masks/Cylinder/train/000132.png,1,0.0008098958333333334,1200,1600
Cylinder_train_000133,data/VISION/Cylinder/train/000133.jpg,data/VISION_masks/Cylinder/train/000133.png,1,0.17069270833333333,1200,1600
Cylinder_train_000134,data/VISION/Cylinder/train/000134.jpg,data/VISION_masks/Cylinder/train/000134.png,1,0.002325,1200,1600
Cylinder_train_000135,data/VISION/Cylinder/train/000135.jpg,data/VISION_masks/Cylinder/train/000135.png,1,0.0005588541666666667,1200,1600
Cylinder_train_000136,data/VISION/Cylinder/train/000136.jpg,data/VISION_masks/Cylinder/train/000136.png,1,0.17114166666666666,1200,1600
Cylinder_train_000137,data/VISION/Cylinder/train/000137.jpg,data/VISION_masks/Cylinder/train/000137.png,1,0.0010014351441475667,1192,1590
Electronics_train_000000,data/VISION/Electronics/train/000000.jpg,data/VISION_masks/Electronics/train/000000.png,1,0.0060764952867433065,1288,2179
Electronics_train_000001,data/VISION/Electronics/train/000001.jpg,data/VISION_masks/Electronics/train/000001.png,1,0.0627915759541476,1268,1207
Electronics_train_000002,data/VISION/Electronics/train/000002.jpg,data/VISION_masks/Electronics/train/000002.png,1,0.02654301247201791,212,413
Electronics_train_000003,data/VISION/Electronics/train/000003.jpg,data/VISION_masks/Electronics/train/000003.png,1,0.07128131598470581,531,528
Electronics_train_000004,data/VISION/Electronics/train/000004.jpg,data/VISION_masks/Electronics/train/000004.png,1,0.018996424644001714,1303,961
Electronics_train_000005,data/VISION/Electronics/train/000005.jpg,data/VISION_masks/Electronics/train/000005.png,1,0.05748962159125196,1338,1293
Electronics_train_000006,data/VISION/Electronics/train/000006.jpg,data/VISION_masks/Electronics/train/000006.png,1,0.05730305590249568,1122,1323
Electronics_train_000007,data/VISION/Electronics/train/000007.jpg,data/VISION_masks/Electronics/train/000007.png,1,0.0232569191562164,563,598
Electronics_train_000008,data/VISION/Electronics/train/000008.jpg,data/VISION_masks/Electronics/train/000008.png,1,0.05964222895360659,1268,1207
Electronics_train_000009,data/VISION/Electronics/train/000009.jpg,data/VISION_masks/Electronics/train/000009.png,1,0.05550080506357226,664,217
Electronics_train_000010,data/VISION/Electronics/train/000010.jpg,data/VISION_masks/Electronics/train/000010.png,1,0.0972383508757405,1292,1421
Electronics_train_000011,data/VISION/Electronics/train/000011.jpg,data/VISION_masks/Electronics/train/000011.png,1,0.00866628165834745,1286,1298
Electronics_train_000012,data/VISION/Electronics/train/000012.jpg,data/VISION_masks/Electronics/train/000012.png,1,0.00414439568180708,1227,1268
Electronics_train_000013,data/VISION/Electronics/train/000013.jpg,data/VISION_masks/Electronics/train/000013.png,1,0.010342084327764518,180,419
Electronics_train_000014,data/VISION/Electronics/train/000014.jpg,data/VISION_masks/Electronics/train/000014.png,1,0.015513139125931944,1439,1444
Electronics_train_000015,data/VISION/Electronics/train/000015.jpg,data/VISION_masks/Electronics/train/000015.png,1,0.05127280395488214,1286,1298
Electronics_train_000016,data/VISION/Electronics/train/000016.jpg,data/VISION_masks/Electronics/train/000016.png,1,0.005376764658332942,397,483
Electronics_train_000017,data/VISION/Electronics/train/000017.jpg,data/VISION_masks/Electronics/train/000017.png,1,0.012510407343248632,1398,2153
Electronics_train_000018,data/VISION/Electronics/train/000018.jpg,data/VISION_masks/Electronics/train/000018.png,1,0.03721537702721951,1314,1293
Electronics_train_000019,data/VISION/Electronics/train/000019.jpg,data/VISION_masks/Electronics/train/000019.png,1,0.011947043917233674,1288,2179
Electronics_train_000020,data/VISION/Electronics/train/000020.jpg,data/VISION_masks/Electronics/train/000020.png,1,0.005438754218790565,1253,1328
Electronics_train_000021,data/VISION/Electronics/train/000021.jpg,data/VISION_masks/Electronics/train/000021.png,1,0.0876998933901919,480,469
Electronics_train_000022,data/VISION/Electronics/train/000022.jpg,data/VISION_masks/Electronics/train/000022.png,1,0.09474294768412415,1122,1323
Electronics_train_000023,data/VISION/Electronics/train/000023.jpg,data/VISION_masks/Electronics/train/000023.png,1,0.009489408878669437,1338,1293
Electronics_train_000024,data/VISION/Electronics/train/000024.jpg,data/VISION_masks/Electronics/train/000024.png,1,0.04621935437567145,1298,1374
Electronics_train_000025,data/VISION/Electronics/train/000025.jpg,data/VISION_masks/Electronics/train/000025.png,1,0.08833479889958928,1314,1293
Electronics_train_000026,data/VISION/Electronics/train/000026.jpg,data/VISION_masks/Electronics/train/000026.png,1,0.012221120534060916,1384,1233
Electronics_train_000027,data/VISION/Electronics/train/000027.jpg,data/VISION_masks/Electronics/train/000027.png,1,0.09137900683342136,1179,1219
Electronics_train_000028,data/VISION/Electronics/train/000028.jpg,data/VISION_masks/Electronics/train/000028.png,1,0.010583192518998877,1308,1037
Electronics_train_000029,data/VISION/Electronics/train/000029.jpg,data/VISION_masks/Electronics/train/000029.png,1,0.017442069729714443,1227,1268
Electronics_train_000030,data/VISION/Electronics/train/000030.jpg,data/VISION_masks/Electronics/train/000030.png,1,0.00833650620254401,1398,2153
Electronics_train_000031,data/VISION/Electronics/train/000031.jpg,data/VISION_masks/Electronics/train/000031.png,1,0.009784163697230097,1286,1298
Electronics_train_000032,data/VISION/Electronics/train/000032.jpg,data/VISION_masks/Electronics/train/000032.png,1,0.019914208147765393,589,621
Electronics_train_000033,data/VISION/Electronics/train/000033.jpg,data/VISION_masks/Electronics/train/000033.png,1,0.017017217753027954,1227,1268
Electronics_train_000034,data/VISION/Electronics/train/000034.jpg,data/VISION_masks/Electronics/train/000034.png,1,0.004383072827303454,1298,1374
Electronics_train_000035,data/VISION/Electronics/train/000035.jpg,data/VISION_masks/Electronics/train/000035.png,1,0.009399448270897446,1227,1268
Groove_train_000000,data/VISION/Groove/train/000000.jpg,data/VISION_masks/Groove/train/000000.png,1,0.00064697265625,1024,1280
Groove_train_000001,data/VISION/Groove/train/000001.jpg,data/VISION_masks/Groove/train/000001.png,1,0.000107574462890625,1024,1280
Groove_train_000002,data/VISION/Groove/train/000002.jpg,data/VISION_masks/Groove/train/000002.png,1,0.00087127685546875,1024,1280
Groove_train_000003,data/VISION/Groove/train/000003.jpg,data/VISION_masks/Groove/train/000003.png,1,0.000208282470703125,1024,1280
Groove_train_000004,data/VISION/Groove/train/000004.jpg,data/VISION_masks/Groove/train/000004.png,1,0.001062774658203125,1024,1280
Groove_train_000005,data/VISION/Groove/train/000005.jpg,data/VISION_masks/Groove/train/000005.png,1,0.001000213623046875,1024,1280
Groove_train_000006,data/VISION/Groove/train/000006.jpg,data/VISION_masks/Groove/train/000006.png,1,0.000484466552734375,1024,1280
Groove_train_000007,data/VISION/Groove/train/000007.jpg,data/VISION_masks/Groove/train/000007.png,1,0.000567626953125,1024,1280
Groove_train_000008,data/VISION/Groove/train/000008.jpg,data/VISION_masks/Groove/train/000008.png,1,0.0001617431640625,1024,1280
Groove_train_000009,data/VISION/Groove/train/000009.jpg,data/VISION_masks/Groove/train/000009.png,1,0.000240325927734375,1024,1280
Groove_train_000010,data/VISION/Groove/train/000010.jpg,data/VISION_masks/Groove/train/000010.png,1,6.40869140625e-05,1024,1280
Groove_train_000011,data/VISION/Groove/train/000011.jpg,data/VISION_masks/Groove/train/000011.png,1,0.0003021240234375,1024,1280
Groove_train_000012,data/VISION/Groove/train/000012.jpg,data/VISION_masks/Groove/train/000012.png,1,0.000641632080078125,1024,1280
Groove_train_000013,data/VISION/Groove/train/000013.jpg,data/VISION_masks/Groove/train/000013.png,1,0.00016632080078125,1024,1280
Groove_train_000014,data/VISION/Groove/train/000014.jpg,data/VISION_masks/Groove/train/000014.png,1,0.000440216064453125,1024,1280
Groove_train_000015,data/VISION/Groove/train/000015.jpg,data/VISION_masks/Groove/train/000015.png,1,0.00019378662109375,1024,1280
Groove_train_000016,data/VISION/Groove/train/000016.jpg,data/VISION_masks/Groove/train/000016.png,1,0.000330352783203125,1024,1280
Groove_train_000017,data/VISION/Groove/train/000017.jpg,data/VISION_masks/Groove/train/000017.png,1,0.009481048583984375,1024,1280
Groove_train_000018,data/VISION/Groove/train/000018.jpg,data/VISION_masks/Groove/train/000018.png,1,0.000249481201171875,1024,1280
Groove_train_000019,data/VISION/Groove/train/000019.jpg,data/VISION_masks/Groove/train/000019.png,1,0.00033721923828125,1024,1280
Groove_train_000020,data/VISION/Groove/train/000020.jpg,data/VISION_masks/Groove/train/000020.png,1,0.000304412841796875,1024,1280
Groove_train_000021,data/VISION/Groove/train/000021.jpg,data/VISION_masks/Groove/train/000021.png,1,0.0002532958984375,1024,1280
Groove_train_000022,data/VISION/Groove/train/000022.jpg,data/VISION_masks/Groove/train/000022.png,1,0.005637359619140625,1024,1280
Groove_train_000023,data/VISION/Groove/train/000023.jpg,data/VISION_masks/Groove/train/000023.png,1,0.000287628173828125,1024,1280
Groove_train_000024,data/VISION/Groove/train/000024.jpg,data/VISION_masks/Groove/train/000024.png,1,0.000244903564453125,1024,1280
Groove_train_000025,data/VISION/Groove/train/000025.jpg,data/VISION_masks/Groove/train/000025.png,1,0.001284027099609375,1024,1280
Groove_train_000026,data/VISION/Groove/train/000026.jpg,data/VISION_masks/Groove/train/000026.png,1,0.000139617919921875,1024,1280
Groove_train_000027,data/VISION/Groove/train/000027.jpg,data/VISION_masks/Groove/train/000027.png,1,0.002016448974609375,1024,1280
Groove_train_000028,data/VISION/Groove/train/000028.jpg,data/VISION_masks/Groove/train/000028.png,1,0.0005859375,1024,1280
Groove_train_000029,data/VISION/Groove/train/000029.jpg,data/VISION_masks/Groove/train/000029.png,1,0.000313568115234375,1024,1280
Groove_train_000030,data/VISION/Groove/train/000030.jpg,data/VISION_masks/Groove/train/000030.png,1,0.00456390380859375,1024,1280
Groove_train_000031,data/VISION/Groove/train/000031.jpg,data/VISION_masks/Groove/train/000031.png,1,0.00012664794921875,1024,1280
Groove_train_000032,data/VISION/Groove/train/000032.jpg,data/VISION_masks/Groove/train/000032.png,1,0.0009552001953125,1024,1280
Groove_train_000033,data/VISION/Groove/train/000033.jpg,data/VISION_masks/Groove/train/000033.png,1,0.00019378662109375,1024,1280
Groove_train_000034,data/VISION/Groove/train/000034.jpg,data/VISION_masks/Groove/train/000034.png,1,0.00042724609375,1024,1280
Groove_train_000035,data/VISION/Groove/train/000035.jpg,data/VISION_masks/Groove/train/000035.png,1,9.9945068359375e-05,1024,1280
Groove_train_000036,data/VISION/Groove/train/000036.jpg,data/VISION_masks/Groove/train/000036.png,1,0.000131988525390625,1024,1280
Groove_train_000037,data/VISION/Groove/train/000037.jpg,data/VISION_masks/Groove/train/000037.png,1,0.00111083984375,1024,1280
Groove_train_000038,data/VISION/Groove/train/000038.jpg,data/VISION_masks/Groove/train/000038.png,1,0.000485992431640625,1024,1280
Groove_train_000039,data/VISION/Groove/train/000039.jpg,data/VISION_masks/Groove/train/000039.png,1,0.000457763671875,1024,1280
Groove_train_000040,data/VISION/Groove/train/000040.jpg,data/VISION_masks/Groove/train/000040.png,1,0.000138092041015625,1024,1280
Groove_train_000041,data/VISION/Groove/train/000041.jpg,data/VISION_masks/Groove/train/000041.png,1,0.001312255859375,1024,1280
Groove_train_000042,data/VISION/Groove/train/000042.jpg,data/VISION_masks/Groove/train/000042.png,1,0.000153350830078125,1024,1280
Groove_train_000043,data/VISION/Groove/train/000043.jpg,data/VISION_masks/Groove/train/000043.png,1,0.00018157958984375,1024,1280
Groove_train_000044,data/VISION/Groove/train/000044.jpg,data/VISION_masks/Groove/train/000044.png,1,0.00081024169921875,1024,1280
Groove_train_000045,data/VISION/Groove/train/000045.jpg,data/VISION_masks/Groove/train/000045.png,1,6.256103515625e-05,1024,1280
Groove_train_000046,data/VISION/Groove/train/000046.jpg,data/VISION_masks/Groove/train/000046.png,1,0.000189208984375,1024,1280
Groove_train_000047,data/VISION/Groove/train/000047.jpg,data/VISION_masks/Groove/train/000047.png,1,0.000868988037109375,1024,1280
Groove_train_000048,data/VISION/Groove/train/000048.jpg,data/VISION_masks/Groove/train/000048.png,1,0.000269317626953125,1024,1280
Groove_train_000049,data/VISION/Groove/train/000049.jpg,data/VISION_masks/Groove/train/000049.png,1,0.000182342529296875,1024,1280
Hemisphere_train_000000,data/VISION/Hemisphere/train/000000.jpg,data/VISION_masks/Hemisphere/train/000000.png,1,0.00023125,1200,1600
Hemisphere_train_000001,data/VISION/Hemisphere/train/000001.jpg,data/VISION_masks/Hemisphere/train/000001.png,1,0.0009546875,1200,1600
Hemisphere_train_000002,data/VISION/Hemisphere/train/000002.jpg,data/VISION_masks/Hemisphere/train/000002.png,1,0.0018098958333333333,1200,1600
Hemisphere_train_000003,data/VISION/Hemisphere/train/000003.jpg,data/VISION_masks/Hemisphere/train/000003.png,1,0.00140625,1200,1600
Hemisphere_train_000004,data/VISION/Hemisphere/train/000004.jpg,data/VISION_masks/Hemisphere/train/000004.png,1,0.00110625,1200,1600
Hemisphere_train_000005,data/VISION/Hemisphere/train/000005.jpg,data/VISION_masks/Hemisphere/train/000005.png,1,0.0037020833333333333,1200,1600
Hemisphere_train_000006,data/VISION/Hemisphere/train/000006.jpg,data/VISION_masks/Hemisphere/train/000006.png,1,0.0013677083333333334,1200,1600
Hemisphere_train_000007,data/VISION/Hemisphere/train/000007.jpg,data/VISION_masks/Hemisphere/train/000007.png,1,0.0003880208333333333,1200,1600
Hemisphere_train_000008,data/VISION/Hemisphere/train/000008.jpg,data/VISION_masks/Hemisphere/train/000008.png,1,0.00016145833333333333,1200,1600
Hemisphere_train_000009,data/VISION/Hemisphere/train/000009.jpg,data/VISION_masks/Hemisphere/train/000009.png,1,0.00021614583333333333,1200,1600
Hemisphere_train_000010,data/VISION/Hemisphere/train/000010.jpg,data/VISION_masks/Hemisphere/train/000010.png,1,0.001603125,1200,1600
Hemisphere_train_000011,data/VISION/Hemisphere/train/000011.jpg,data/VISION_masks/Hemisphere/train/000011.png,1,0.0005526041666666666,1200,1600
Hemisphere_train_000012,data/VISION/Hemisphere/train/000012.jpg,data/VISION_masks/Hemisphere/train/000012.png,1,0.005209375,1200,1600
Hemisphere_train_000013,data/VISION/Hemisphere/train/000013.jpg,data/VISION_masks/Hemisphere/train/000013.png,1,0.00020520833333333334,1200,1600
Hemisphere_train_000014,data/VISION/Hemisphere/train/000014.jpg,data/VISION_masks/Hemisphere/train/000014.png,1,0.0011296875,1200,1600
Hemisphere_train_000015,data/VISION/Hemisphere/train/000015.jpg,data/VISION_masks/Hemisphere/train/000015.png,1,0.001584375,1200,1600
Hemisphere_train_000016,data/VISION/Hemisphere/train/000016.jpg,data/VISION_masks/Hemisphere/train/000016.png,1,0.000259375,1200,1600
Hemisphere_train_000017,data/VISION/Hemisphere/train/000017.jpg,data/VISION_masks/Hemisphere/train/000017.png,1,0.000921875,1200,1600
Hemisphere_train_000018,data/VISION/Hemisphere/train/000018.jpg,data/VISION_masks/Hemisphere/train/000018.png,1,0.0006942708333333333,1200,1600
Hemisphere_train_000019,data/VISION/Hemisphere/train/000019.jpg,data/VISION_masks/Hemisphere/train/000019.png,1,0.0008666666666666666,1200,1600
Hemisphere_train_000020,data/VISION/Hemisphere/train/000020.jpg,data/VISION_masks/Hemisphere/train/000020.png,1,0.00015364583333333333,1200,1600
Hemisphere_train_000021,data/VISION/Hemisphere/train/000021.jpg,data/VISION_masks/Hemisphere/train/000021.png,1,0.002636979166666667,1200,1600
Hemisphere_train_000022,data/VISION/Hemisphere/train/000022.jpg,data/VISION_masks/Hemisphere/train/000022.png,1,0.0020552083333333334,1200,1600
Hemisphere_train_000023,data/VISION/Hemisphere/train/000023.jpg,data/VISION_masks/Hemisphere/train/000023.png,1,0.00013177083333333332,1200,1600
Hemisphere_train_000024,data/VISION/Hemisphere/train/000024.jpg,data/VISION_masks/Hemisphere/train/000024.png,1,0.0040046875,1200,1600
Hemisphere_train_000025,data/VISION/Hemisphere/train/000025.jpg,data/VISION_masks/Hemisphere/train/000025.png,1,0.004615625,1200,1600
Hemisphere_train_000026,data/VISION/Hemisphere/train/000026.jpg,data/VISION_masks/Hemisphere/train/000026.png,1,0.0019104166666666666,1200,1600
Hemisphere_train_000027,data/VISION/Hemisphere/train/000027.jpg,data/VISION_masks/Hemisphere/train/000027.png,1,0.0002760416666666667,1200,1600
Hemisphere_train_000028,data/VISION/Hemisphere/train/000028.jpg,data/VISION_masks/Hemisphere/train/000028.png,1,0.0021208333333333335,1200,1600
Hemisphere_train_000029,data/VISION/Hemisphere/train/000029.jpg,data/VISION_masks/Hemisphere/train/000029.png,1,0.00011666666666666667,1200,1600
Hemisphere_train_000030,data/VISION/Hemisphere/train/000030.jpg,data/VISION_masks/Hemisphere/train/000030.png,1,0.0003520833333333333,1200,1600
Hemisphere_train_000031,data/VISION/Hemisphere/train/000031.jpg,data/VISION_masks/Hemisphere/train/000031.png,1,0.0003578125,1200,1600
Hemisphere_train_000032,data/VISION/Hemisphere/train/000032.jpg,data/VISION_masks/Hemisphere/train/000032.png,1,0.0034005208333333335,1200,1600
Hemisphere_train_000033,data/VISION/Hemisphere/train/000033.jpg,data/VISION_masks/Hemisphere/train/000033.png,1,0.009803645833333333,1200,1600
Hemisphere_train_000034,data/VISION/Hemisphere/train/000034.jpg,data/VISION_masks/Hemisphere/train/000034.png,1,0.001184375,1200,1600
Hemisphere_train_000035,data/VISION/Hemisphere/train/000035.jpg,data/VISION_masks/Hemisphere/train/000035.png,1,0.00027291666666666664,1200,1600
Hemisphere_train_000036,data/VISION/Hemisphere/train/000036.jpg,data/VISION_masks/Hemisphere/train/000036.png,1,0.0007666666666666667,1200,1600
Hemisphere_train_000037,data/VISION/Hemisphere/train/000037.jpg,data/VISION_masks/Hemisphere/train/000037.png,1,0.0001390625,1200,1600
Hemisphere_train_000038,data/VISION/Hemisphere/train/000038.jpg,data/VISION_masks/Hemisphere/train/000038.png,1,0.0008739583333333334,1200,1600
Hemisphere_train_000039,data/VISION/Hemisphere/train/000039.jpg,data/VISION_masks/Hemisphere/train/000039.png,1,0.0030598958333333333,1200,1600
Hemisphere_train_000040,data/VISION/Hemisphere/train/000040.jpg,data/VISION_masks/Hemisphere/train/000040.png,1,0.00042291666666666666,1200,1600
Hemisphere_train_000041,data/VISION/Hemisphere/train/000041.jpg,data/VISION_masks/Hemisphere/train/000041.png,1,0.004296875,1200,1600
Hemisphere_train_000042,data/VISION/Hemisphere/train/000042.jpg,data/VISION_masks/Hemisphere/train/000042.png,1,0.00103125,1200,1600
Hemisphere_train_000043,data/VISION/Hemisphere/train/000043.jpg,data/VISION_masks/Hemisphere/train/000043.png,1,0.0018786458333333333,1200,1600
Hemisphere_train_000044,data/VISION/Hemisphere/train/000044.jpg,data/VISION_masks/Hemisphere/train/000044.png,1,0.0014963541666666667,1200,1600
Hemisphere_train_000045,data/VISION/Hemisphere/train/000045.jpg,data/VISION_masks/Hemisphere/train/000045.png,1,0.0010125,1200,1600
Hemisphere_train_000046,data/VISION/Hemisphere/train/000046.jpg,data/VISION_masks/Hemisphere/train/000046.png,1,0.00011302083333333333,1200,1600
Hemisphere_train_000047,data/VISION/Hemisphere/train/000047.jpg,data/VISION_masks/Hemisphere/train/000047.png,1,0.0009932291666666666,1200,1600
Hemisphere_train_000048,data/VISION/Hemisphere/train/000048.jpg,data/VISION_masks/Hemisphere/train/000048.png,1,0.0004958333333333334,1200,1600
Hemisphere_train_000049,data/VISION/Hemisphere/train/000049.jpg,data/VISION_masks/Hemisphere/train/000049.png,1,0.0020125,1200,1600
Hemisphere_train_000050,data/VISION/Hemisphere/train/000050.jpg,data/VISION_masks/Hemisphere/train/000050.png,1,0.0011270833333333332,1200,1600
Hemisphere_train_000051,data/VISION/Hemisphere/train/000051.jpg,data/VISION_masks/Hemisphere/train/000051.png,1,0.0010848958333333333,1200,1600
Hemisphere_train_000052,data/VISION/Hemisphere/train/000052.jpg,data/VISION_masks/Hemisphere/train/000052.png,1,0.0057625,1200,1600
Hemisphere_train_000053,data/VISION/Hemisphere/train/000053.jpg,data/VISION_masks/Hemisphere/train/000053.png,1,0.00023645833333333334,1200,1600
Hemisphere_train_000054,data/VISION/Hemisphere/train/000054.jpg,data/VISION_masks/Hemisphere/train/000054.png,1,0.000159375,1200,1600
Hemisphere_train_000055,data/VISION/Hemisphere/train/000055.jpg,data/VISION_masks/Hemisphere/train/000055.png,1,0.0038390625,1200,1600
Hemisphere_train_000056,data/VISION/Hemisphere/train/000056.jpg,data/VISION_masks/Hemisphere/train/000056.png,1,0.001553125,1200,1600
Hemisphere_train_000057,data/VISION/Hemisphere/train/000057.jpg,data/VISION_masks/Hemisphere/train/000057.png,1,0.00013072916666666666,1200,1600
Hemisphere_train_000058,data/VISION/Hemisphere/train/000058.jpg,data/VISION_masks/Hemisphere/train/000058.png,1,0.0008765625,1200,1600
Hemisphere_train_000059,data/VISION/Hemisphere/train/000059.jpg,data/VISION_masks/Hemisphere/train/000059.png,1,0.0028203125,1200,1600
Hemisphere_train_000060,data/VISION/Hemisphere/train/000060.jpg,data/VISION_masks/Hemisphere/train/000060.png,1,0.0005140625,1200,1600
Hemisphere_train_000061,data/VISION/Hemisphere/train/000061.jpg,data/VISION_masks/Hemisphere/train/000061.png,1,0.004666145833333333,1200,1600
Hemisphere_train_000062,data/VISION/Hemisphere/train/000062.jpg,data/VISION_masks/Hemisphere/train/000062.png,1,0.00018125,1200,1600
Hemisphere_train_000063,data/VISION/Hemisphere/train/000063.jpg,data/VISION_masks/Hemisphere/train/000063.png,1,0.0008588541666666666,1200,1600
Hemisphere_train_000064,data/VISION/Hemisphere/train/000064.jpg,data/VISION_masks/Hemisphere/train/000064.png,1,0.00023645833333333334,1200,1600
Hemisphere_train_000065,data/VISION/Hemisphere/train/000065.jpg,data/VISION_masks/Hemisphere/train/000065.png,1,0.00014166666666666668,1200,1600
Hemisphere_train_000066,data/VISION/Hemisphere/train/000066.jpg,data/VISION_masks/Hemisphere/train/000066.png,1,0.00033958333333333334,1200,1600
Hemisphere_train_000067,data/VISION/Hemisphere/train/000067.jpg,data/VISION_masks/Hemisphere/train/000067.png,1,0.005348958333333333,1200,1600
Hemisphere_train_000068,data/VISION/Hemisphere/train/000068.jpg,data/VISION_masks/Hemisphere/train/000068.png,1,0.00034739583333333335,1200,1600
Hemisphere_train_000069,data/VISION/Hemisphere/train/000069.jpg,data/VISION_masks/Hemisphere/train/000069.png,1,0.0006526041666666667,1200,1600
Hemisphere_train_000070,data/VISION/Hemisphere/train/000070.jpg,data/VISION_masks/Hemisphere/train/000070.png,1,0.0024052083333333334,1200,1600
Hemisphere_train_000071,data/VISION/Hemisphere/train/000071.jpg,data/VISION_masks/Hemisphere/train/000071.png,1,7.8125e-05,1200,1600
Hemisphere_train_000072,data/VISION/Hemisphere/train/000072.jpg,data/VISION_masks/Hemisphere/train/000072.png,1,0.0012348958333333333,1200,1600
Hemisphere_train_000073,data/VISION/Hemisphere/train/000073.jpg,data/VISION_masks/Hemisphere/train/000073.png,1,0.003797395833333333,1200,1600
Hemisphere_train_000074,data/VISION/Hemisphere/train/000074.jpg,data/VISION_masks/Hemisphere/train/000074.png,1,0.000265625,1200,1600
Hemisphere_train_000075,data/VISION/Hemisphere/train/000075.jpg,data/VISION_masks/Hemisphere/train/000075.png,1,0.0018677083333333334,1200,1600
Hemisphere_train_000076,data/VISION/Hemisphere/train/000076.jpg,data/VISION_masks/Hemisphere/train/000076.png,1,0.002282291666666667,1200,1600
Hemisphere_train_000077,data/VISION/Hemisphere/train/000077.jpg,data/VISION_masks/Hemisphere/train/000077.png,1,7.708333333333333e-05,1200,1600
Hemisphere_train_000078,data/VISION/Hemisphere/train/000078.jpg,data/VISION_masks/Hemisphere/train/000078.png,1,0.013517708333333333,1200,1600
Hemisphere_train_000079,data/VISION/Hemisphere/train/000079.jpg,data/VISION_masks/Hemisphere/train/000079.png,1,0.00011041666666666666,1200,1600
Hemisphere_train_000080,data/VISION/Hemisphere/train/000080.jpg,data/VISION_masks/Hemisphere/train/000080.png,1,0.0022104166666666665,1200,1600
Hemisphere_train_000081,data/VISION/Hemisphere/train/000081.jpg,data/VISION_masks/Hemisphere/train/000081.png,1,0.0005911458333333333,1200,1600
Hemisphere_train_000082,data/VISION/Hemisphere/train/000082.jpg,data/VISION_masks/Hemisphere/train/000082.png,1,0.0008953125,1200,1600
Hemisphere_train_000083,data/VISION/Hemisphere/train/000083.jpg,data/VISION_masks/Hemisphere/train/000083.png,1,0.008691666666666667,1200,1600
Hemisphere_train_000084,data/VISION/Hemisphere/train/000084.jpg,data/VISION_masks/Hemisphere/train/000084.png,1,0.0059984375,1200,1600
Lens_train_000000,data/VISION/Lens/train/000000.jpg,data/VISION_masks/Lens/train/000000.png,1,0.00054931640625,512,512
Lens_train_000001,data/VISION/Lens/train/000001.jpg,data/VISION_masks/Lens/train/000001.png,1,0.00034128416796166115,3542,3534
Lens_train_000002,data/VISION/Lens/train/000002.jpg,data/VISION_masks/Lens/train/000002.png,1,0.001419366574754902,2048,2448
Lens_train_000003,data/VISION/Lens/train/000003.jpg,data/VISION_masks/Lens/train/000003.png,1,0.004475791784665749,3499,3520
Lens_train_000004,data/VISION/Lens/train/000004.jpg,data/VISION_masks/Lens/train/000004.png,1,0.00022040473090277778,2048,2448
Lens_train_000005,data/VISION/Lens/train/000005.jpg,data/VISION_masks/Lens/train/000005.png,1,0.002809290339608098,3523,3519
Lens_train_000006,data/VISION/Lens/train/000006.jpg,data/VISION_masks/Lens/train/000006.png,1,5.425347222222222e-05,2048,2448
Lens_train_000007,data/VISION/Lens/train/000007.jpg,data/VISION_masks/Lens/train/000007.png,1,9.753657322303922e-05,2048,2448
Lens_train_000008,data/VISION/Lens/train/000008.jpg,data/VISION_masks/Lens/train/000008.png,1,0.00044071461941711854,3581,3587
Lens_train_000009,data/VISION/Lens/train/000009.jpg,data/VISION_masks/Lens/train/000009.png,1,0.001068115234375,512,512
Lens_train_000010,data/VISION/Lens/train/000010.jpg,data/VISION_masks/Lens/train/000010.png,1,0.000797271728515625,512,512
Lens_train_000011,data/VISION/Lens/train/000011.jpg,data/VISION_masks/Lens/train/000011.png,1,9.374680861928105e-05,2048,2448
Lens_train_000012,data/VISION/Lens/train/000012.jpg,data/VISION_masks/Lens/train/000012.png,1,0.001697540283203125,512,512
Lens_train_000013,data/VISION/Lens/train/000013.jpg,data/VISION_masks/Lens/train/000013.png,1,0.0003183402267156863,2048,2448
Lens_train_000014,data/VISION/Lens/train/000014.jpg,data/VISION_masks/Lens/train/000014.png,1,0.001087188720703125,512,512
Lens_train_000015,data/VISION/Lens/train/000015.jpg,data/VISION_masks/Lens/train/000015.png,1,0.006113522782184532,3523,3545
Lens_train_000016,data/VISION/Lens/train/000016.jpg,data/VISION_masks/Lens/train/000016.png,1,5.026424632352941e-05,2048,2448
Lens_train_000017,data/VISION/Lens/train/000017.jpg,data/VISION_masks/Lens/train/000017.png,1,0.00033848581750408496,2048,2448
Lens_train_000018,data/VISION/Lens/train/000018.jpg,data/VISION_masks/Lens/train/000018.png,1,0.000339508056640625,512,512
Lens_train_000019,data/VISION/Lens/train/000019.jpg,data/VISION_masks/Lens/train/000019.png,1,1.874936172385621e-05,2048,2448
Lens_train_000020,data/VISION/Lens/train/000020.jpg,data/VISION_masks/Lens/train/000020.png,1,0.0005327611187704248,2048,2448
Lens_train_000021,data/VISION/Lens/train/000021.jpg,data/VISION_masks/Lens/train/000021.png,1,0.0008127322572167937,3557,3556
Lens_train_000022,data/VISION/Lens/train/000022.jpg,data/VISION_masks/Lens/train/000022.png,1,2.9919194240196077e-05,2048,2448
Lens_train_000023,data/VISION/Lens/train/000023.jpg,data/VISION_masks/Lens/train/000023.png,1,0.000896453857421875,512,512
Lens_train_000024,data/VISION/Lens/train/000024.jpg,data/VISION_masks/Lens/train/000024.png,1,0.000667572021484375,512,512
Lens_train_000025,data/VISION/Lens/train/000025.jpg,data/VISION_masks/Lens/train/000025.png,1,0.00021382250816993464,2048,2448
Lens_train_000026,data/VISION/Lens/train/000026.jpg,data/VISION_masks/Lens/train/000026.png,1,0.00049591064453125,512,512
Lens_train_000027,data/VISION/Lens/train/000027.jpg,data/VISION_masks/Lens/train/000027.png,1,0.014171600341796875,512,512
Lens_train_000028,data/VISION/Lens/train/000028.jpg,data/VISION_masks/Lens/train/000028.png,1,0.00135040283203125,512,512
Lens_train_000029,data/VISION/Lens/train/000029.jpg,data/VISION_masks/Lens/train/000029.png,1,0.001392364501953125,512,512
Lens_train_000030,data/VISION/Lens/train/000030.jpg,data/VISION_masks/Lens/train/000030.png,1,0.001300811767578125,512,512
Lens_train_000031,data/VISION/Lens/train/000031.jpg,data/VISION_masks/Lens/train/000031.png,1,0.000484466552734375,512,512
Lens_train_000032,data/VISION/Lens/train/000032.jpg,data/VISION_masks/Lens/train/000032.png,1,0.0008208149105038711,3507,3509
Lens_train_000033,data/VISION/Lens/train/000033.jpg,data/VISION_masks/Lens/train/000033.png,1,0.00043781754238153596,2048,2448
Lens_train_000034,data/VISION/Lens/train/000034.jpg,data/VISION_masks/Lens/train/000034.png,1,0.0013361570437671905,3531,3528
Lens_train_000035,data/VISION/Lens/train/000035.jpg,data/VISION_masks/Lens/train/000035.png,1,0.0008459120391752482,3533,3511
Lens_train_000036,data/VISION/Lens/train/000036.jpg,data/VISION_masks/Lens/train/000036.png,1,0.00014201644199346406,2048,2448
Lens_train_000037,data/VISION/Lens/train/000037.jpg,data/VISION_masks/Lens/train/000037.png,1,0.0005653709483068341,3609,3587
Lens_train_000038,data/VISION/Lens/train/000038.jpg,data/VISION_masks/Lens/train/000038.png,1,7.280337265114379e-05,2048,2448
Lens_train_000039,data/VISION/Lens/train/000039.jpg,data/VISION_masks/Lens/train/000039.png,1,0.0012359619140625,512,512
Lens_train_000040,data/VISION/Lens/train/000040.jpg,data/VISION_masks/Lens/train/000040.png,1,0.005328074357958655,3505,3522
Lens_train_000041,data/VISION/Lens/train/000041.jpg,data/VISION_masks/Lens/train/000041.png,1,0.0007048456781013132,3586,3590
Lens_train_000042,data/VISION/Lens/train/000042.jpg,data/VISION_masks/Lens/train/000042.png,1,0.0009631059472987798,3574,3569
Lens_train_000043,data/VISION/Lens/train/000043.jpg,data/VISION_masks/Lens/train/000043.png,1,0.0009916971943737952,3494,3499
Lens_train_000044,data/VISION/Lens/train/000044.jpg,data/VISION_masks/Lens/train/000044.png,1,0.000499725341796875,512,512
Lens_train_000045,data/VISION/Lens/train/000045.jpg,data/VISION_masks/Lens/train/000045.png,1,0.002056121826171875,512,512
Lens_train_000046,data/VISION/Lens/train/000046.jpg,data/VISION_masks/Lens/train/000046.png,1,7.719152113970588e-05,2048,2448
Lens_train_000047,data/VISION/Lens/train/000047.jpg,data/VISION_masks/Lens/train/000047.png,1,0.00022598964716094772,2048,2448
Lens_train_000048,data/VISION/Lens/train/000048.jpg,data/VISION_masks/Lens/train/000048.png,1,0.0001009274152369281,2048,2448
Lens_train_000049,data/VISION/Lens/train/000049.jpg,data/VISION_masks/Lens/train/000049.png,1,0.00217437744140625,512,512
Lens_train_000050,data/VISION/Lens/train/000050.jpg,data/VISION_masks/Lens/train/000050.png,1,0.0009551205664914148,3617,3618
Lens_train_000051,data/VISION/Lens/train/000051.jpg,data/VISION_masks/Lens/train/000051.png,1,0.0007678214450611031,3571,3576
Lens_train_000052,data/VISION/Lens/train/000052.jpg,data/VISION_masks/Lens/train/000052.png,1,0.002864837646484375,512,512
Lens_train_000053,data/VISION/Lens/train/000053.jpg,data/VISION_masks/Lens/train/000053.png,1,0.00024254493464052288,2048,2448
Lens_train_000054,data/VISION/Lens/train/000054.jpg,data/VISION_masks/Lens/train/000054.png,1,0.0038877476045880498,3551,3561
Lens_train_000055,data/VISION/Lens/train/000055.jpg,data/VISION_masks/Lens/train/000055.png,1,0.00021721335018382352,2048,2448
Lens_train_000056,data/VISION/Lens/train/000056.jpg,data/VISION_masks/Lens/train/000056.png,1,0.0005828259037990196,2048,2448
Lens_train_000057,data/VISION/Lens/train/000057.jpg,data/VISION_masks/Lens/train/000057.png,1,0.0018125047870710784,2048,2448
Lens_train_000058,data/VISION/Lens/train/000058.jpg,data/VISION_masks/Lens/train/000058.png,1,0.001216888427734375,512,512
Lens_train_000059,data/VISION/Lens/train/000059.jpg,data/VISION_masks/Lens/train/000059.png,1,0.00342559814453125,512,512
Lens_train_000060,data/VISION/Lens/train/000060.jpg,data/VISION_masks/Lens/train/000060.png,1,2.0544513378267975e-05,2048,2448
Lens_train_000061,data/VISION/Lens/train/000061.jpg,data/VISION_masks/Lens/train/000061.png,1,0.001316070556640625,512,512
Lens_train_000062,data/VISION/Lens/train/000062.jpg,data/VISION_masks/Lens/train/000062.png,1,0.001663507199754902,2048,2448
Lens_train_000063,data/VISION/Lens/train/000063.jpg,data/VISION_masks/Lens/train/000063.png,1,0.0006007847171512593,3620,3609
Lens_train_000064,data/VISION/Lens/train/000064.jpg,data/VISION_masks/Lens/train/000064.png,1,1.6355826184640522e-05,2048,2448
Lens_train_000065,data/VISION/Lens/train/000065.jpg,data/VISION_masks/Lens/train/000065.png,1,0.001556396484375,512,512
PCB_1_train_000000,data/VISION/PCB_1/train/000000.jpg,data/VISION_masks/PCB_1/train/000000.png,1,0.0005766696351618977,1921,2904
PCB_1_train_000001,data/VISION/PCB_1/train/000001.jpg,data/VISION_masks/PCB_1/train/000001.png,1,0.001266487535127144,2248,2282
PCB_1_train_000002,data/VISION/PCB_1/train/000002.jpg,data/VISION_masks/PCB_1/train/000002.png,1,0.0007016117351643356,1921,2904
PCB_1_train_000003,data/VISION/PCB_1/train/000003.jpg,data/VISION_masks/PCB_1/train/000003.png,1,0.0002924182252667476,2530,2529
PCB_1_train_000004,data/VISION/PCB_1/train/000004.jpg,data/VISION_masks/PCB_1/train/000004.png,1,0.0005487055496520264,1921,2904
PCB_1_train_000005,data/VISION/PCB_1/train/000005.jpg,data/VISION_masks/PCB_1/train/000005.png,1,0.001075547406462585,2016,2240
PCB_1_train_000006,data/VISION/PCB_1/train/000006.jpg,data/VISION_masks/PCB_1/train/000006.png,1,0.0003440910365812198,2464,3056
PCB_1_train_000007,data/VISION/PCB_1/train/000007.jpg,data/VISION_masks/PCB_1/train/000007.png,1,0.0013163498675628055,2156,2544
PCB_1_train_000008,data/VISION/PCB_1/train/000008.jpg,data/VISION_masks/PCB_1/train/000008.png,1,0.0005590279480723303,1586,3034
PCB_1_train_000009,data/VISION/PCB_1/train/000009.jpg,data/VISION_masks/PCB_1/train/000009.png,1,0.0005850947122065384,1921,2904
PCB_1_train_000010,data/VISION/PCB_1/train/000010.jpg,data/VISION_masks/PCB_1/train/000010.png,1,8.416591783245121e-05,1586,3034
PCB_1_train_000011,data/VISION/PCB_1/train/000011.jpg,data/VISION_masks/PCB_1/train/000011.png,1,0.00041043873510886706,1586,3034
PCB_1_train_000012,data/VISION/PCB_1/train/000012.jpg,data/VISION_masks/PCB_1/train/000012.png,1,0.00015939570117898787,1586,3034
PCB_1_train_000013,data/VISION/PCB_1/train/000013.jpg,data/VISION_masks/PCB_1/train/000013.png,1,0.0013742861509383354,2248,2282
PCB_1_train_000014,data/VISION/PCB_1/train/000014.jpg,data/VISION_masks/PCB_1/train/000014.png,1,0.0011558571076866584,2159,2775
PCB_1_train_000015,data/VISION/PCB_1/train/000015.jpg,data/VISION_masks/PCB_1/train/000015.png,1,0.0006787531022642279,2464,3056
PCB_1_train_000016,data/VISION/PCB_1/train/000016.jpg,data/VISION_masks/PCB_1/train/000016.png,1,0.0005035676363169625,2156,2544
PCB_1_train_000017,data/VISION/PCB_1/train/000017.jpg,data/VISION_masks/PCB_1/train/000017.png,1,0.0003955694966061669,2530,2529
PCB_1_train_000018,data/VISION/PCB_1/train/000018.jpg,data/VISION_masks/PCB_1/train/000018.png,1,0.0006951858788112157,2156,2544
PCB_1_train_000019,data/VISION/PCB_1/train/000019.jpg,data/VISION_masks/PCB_1/train/000019.png,1,0.0006128525720688855,1586,3034
PCB_1_train_000020,data/VISION/PCB_1/train/000020.jpg,data/VISION_masks/PCB_1/train/000020.png,1,0.0006213463086778451,2156,2544
PCB_1_train_000021,data/VISION/PCB_1/train/000021.jpg,data/VISION_masks/PCB_1/train/000021.png,1,0.0011149782812269206,1921,2904
PCB_1_train_000022,data/VISION/PCB_1/train/000022.jpg,data/VISION_masks/PCB_1/train/000022.png,1,0.0006339271184106756,2159,2775
PCB_1_train_000023,data/VISION/PCB_1/train/000023.jpg,data/VISION_masks/PCB_1/train/000023.png,1,0.0008416206002466254,2530,2529
PCB_1_train_000024,data/VISION/PCB_1/train/000024.jpg,data/VISION_masks/PCB_1/train/000024.png,1,0.00039651499067732576,1586,3034
PCB_1_train_000025,data/VISION/PCB_1/train/000025.jpg,data/VISION_masks/PCB_1/train/000025.png,1,0.000658796823687977,2159,2775
PCB_1_train_000026,data/VISION/PCB_1/train/000026.jpg,data/VISION_masks/PCB_1/train/000026.png,1,0.0005860237263664777,2159,2775
PCB_1_train_000027,data/VISION/PCB_1/train/000027.jpg,data/VISION_masks/PCB_1/train/000027.png,1,0.00033146824430311037,1586,3034
PCB_1_train_000028,data/VISION/PCB_1/train/000028.jpg,data/VISION_masks/PCB_1/train/000028.png,1,0.0002241704630448086,2464,3056
PCB_1_train_000029,data/VISION/PCB_1/train/000029.jpg,data/VISION_masks/PCB_1/train/000029.png,1,0.0015255190617913831,2016,2240
PCB_1_train_000030,data/VISION/PCB_1/train/000030.jpg,data/VISION_masks/PCB_1/train/000030.png,1,0.0005243224955340109,1586,3034
PCB_1_train_000031,data/VISION/PCB_1/train/000031.jpg,data/VISION_masks/PCB_1/train/000031.png,1,0.0010844189869035404,2248,2282
PCB_1_train_000032,data/VISION/PCB_1/train/000032.jpg,data/VISION_masks/PCB_1/train/000032.png,1,0.0004036259794817689,2316,2868
PCB_1_train_000033,data/VISION/PCB_1/train/000033.jpg,data/VISION_masks/PCB_1/train/000033.png,1,0.0007038764535765735,1586,3034
PCB_1_train_000034,data/VISION/PCB_1/train/000034.jpg,data/VISION_masks/PCB_1/train/000034.png,1,0.00145952912414966,2016,2240
PCB_1_train_000035,data/VISION/PCB_1/train/000035.jpg,data/VISION_masks/PCB_1/train/000035.png,1,0.0010484739496617779,1921,2904
PCB_1_train_000036,data/VISION/PCB_1/train/000036.jpg,data/VISION_masks/PCB_1/train/000036.png,1,0.00178593572845805,2016,2240
PCB_1_train_000037,data/VISION/PCB_1/train/000037.jpg,data/VISION_masks/PCB_1/train/000037.png,1,0.0006816400259023209,1586,3034
PCB_1_train_000038,data/VISION/PCB_1/train/000038.jpg,data/VISION_masks/PCB_1/train/000038.png,1,0.0007783462565911024,2316,2868
PCB_1_train_000039,data/VISION/PCB_1/train/000039.jpg,data/VISION_masks/PCB_1/train/000039.png,1,0.0005055731555057701,2156,2544
PCB_1_train_000040,data/VISION/PCB_1/train/000040.jpg,data/VISION_masks/PCB_1/train/000040.png,1,0.0007119000620470526,2530,2529
PCB_1_train_000041,data/VISION/PCB_1/train/000041.jpg,data/VISION_masks/PCB_1/train/000041.png,1,0.0006195154440758968,2316,2868
PCB_1_train_000042,data/VISION/PCB_1/train/000042.jpg,data/VISION_masks/PCB_1/train/000042.png,1,9.51802231290436e-05,1586,3034
PCB_1_train_000043,data/VISION/PCB_1/train/000043.jpg,data/VISION_masks/PCB_1/train/000043.png,1,0.00048694564610552647,2248,2282
PCB_1_train_000044,data/VISION/PCB_1/train/000044.jpg,data/VISION_masks/PCB_1/train/000044.png,1,0.0004619986931307686,2156,2544
PCB_1_train_000045,data/VISION/PCB_1/train/000045.jpg,data/VISION_masks/PCB_1/train/000045.png,1,0.0006406643693094878,1921,2904
PCB_1_train_000046,data/VISION/PCB_1/train/000046.jpg,data/VISION_masks/PCB_1/train/000046.png,1,0.0014345060941043084,2016,2240
Ring_train_000000,data/VISION/Ring/train/000000.jpg,data/VISION_masks/Ring/train/000000.png,1,0.000905609130859375,1024,1280
Ring_train_000001,data/VISION/Ring/train/000001.jpg,data/VISION_masks/Ring/train/000001.png,1,0.001099395751953125,1024,1280
Ring_train_000002,data/VISION/Ring/train/000002.jpg,data/VISION_masks/Ring/train/000002.png,1,0.002315521240234375,1024,1280
Ring_train_000003,data/VISION/Ring/train/000003.jpg,data/VISION_masks/Ring/train/000003.png,1,0.003798675537109375,1024,1280
Ring_train_000004,data/VISION/Ring/train/000004.jpg,data/VISION_masks/Ring/train/000004.png,1,0.03613204956054687,1024,1280
Ring_train_000005,data/VISION/Ring/train/000005.jpg,data/VISION_masks/Ring/train/000005.png,1,0.02272491455078125,1024,1280
Ring_train_000006,data/VISION/Ring/train/000006.jpg,data/VISION_masks/Ring/train/000006.png,1,0.017656707763671876,1024,1280
Ring_train_000007,data/VISION/Ring/train/000007.jpg,data/VISION_masks/Ring/train/000007.png,1,0.000341796875,1024,1280
Ring_train_000008,data/VISION/Ring/train/000008.jpg,data/VISION_masks/Ring/train/000008.png,1,0.000801849365234375,1024,1280
Ring_train_000009,data/VISION/Ring/train/000009.jpg,data/VISION_masks/Ring/train/000009.png,1,0.002325439453125,1024,1280
Ring_train_000010,data/VISION/Ring/train/000010.jpg,data/VISION_masks/Ring/train/000010.png,1,0.001769256591796875,1024,1280
Ring_train_000011,data/VISION/Ring/train/000011.jpg,data/VISION_masks/Ring/train/000011.png,1,0.00025482177734375,1024,1280
Ring_train_000012,data/VISION/Ring/train/000012.jpg,data/VISION_masks/Ring/train/000012.png,1,0.03713226318359375,1024,1280
Ring_train_000013,data/VISION/Ring/train/000013.jpg,data/VISION_masks/Ring/train/000013.png,1,5.8746337890625e-05,1024,1280
Ring_train_000014,data/VISION/Ring/train/000014.jpg,data/VISION_masks/Ring/train/000014.png,1,0.0005950927734375,1024,1280
Ring_train_000015,data/VISION/Ring/train/000015.jpg,data/VISION_masks/Ring/train/000015.png,1,0.00015106201171875,1024,1280
Ring_train_000016,data/VISION/Ring/train/000016.jpg,data/VISION_masks/Ring/train/000016.png,1,0.004630279541015625,1024,1280
Ring_train_000017,data/VISION/Ring/train/000017.jpg,data/VISION_masks/Ring/train/000017.png,1,0.0003570556640625,1024,1280
Ring_train_000018,data/VISION/Ring/train/000018.jpg,data/VISION_masks/Ring/train/000018.png,1,0.002222442626953125,1024,1280
Ring_train_000019,data/VISION/Ring/train/000019.jpg,data/VISION_masks/Ring/train/000019.png,1,9.8419189453125e-05,1024,1280
Ring_train_000020,data/VISION/Ring/train/000020.jpg,data/VISION_masks/Ring/train/000020.png,1,0.001590728759765625,1024,1280
Ring_train_000021,data/VISION/Ring/train/000021.jpg,data/VISION_masks/Ring/train/000021.png,1,0.000525665283203125,1024,1280
Ring_train_000022,data/VISION/Ring/train/000022.jpg,data/VISION_masks/Ring/train/000022.png,1,0.001505279541015625,1024,1280
Ring_train_000023,data/VISION/Ring/train/000023.jpg,data/VISION_masks/Ring/train/000023.png,1,0.000811767578125,1024,1280
Ring_train_000024,data/VISION/Ring/train/000024.jpg,data/VISION_masks/Ring/train/000024.png,1,0.00030059814453125,1024,1280
Ring_train_000025,data/VISION/Ring/train/000025.jpg,data/VISION_masks/Ring/train/000025.png,1,0.002783966064453125,1024,1280
Ring_train_000026,data/VISION/Ring/train/000026.jpg,data/VISION_masks/Ring/train/000026.png,1,0.00763702392578125,1024,1280
Ring_train_000027,data/VISION/Ring/train/000027.jpg,data/VISION_masks/Ring/train/000027.png,1,0.00084075927734375,1024,1280
Ring_train_000028,data/VISION/Ring/train/000028.jpg,data/VISION_masks/Ring/train/000028.png,1,0.006006622314453125,1024,1280
Ring_train_000029,data/VISION/Ring/train/000029.jpg,data/VISION_masks/Ring/train/000029.png,1,0.0022979736328125,1024,1280
Ring_train_000030,data/VISION/Ring/train/000030.jpg,data/VISION_masks/Ring/train/000030.png,1,0.04595947265625,1024,1280
Ring_train_000031,data/VISION/Ring/train/000031.jpg,data/VISION_masks/Ring/train/000031.png,1,0.000447845458984375,1024,1280
Ring_train_000032,data/VISION/Ring/train/000032.jpg,data/VISION_masks/Ring/train/000032.png,1,0.000225067138671875,1024,1280
Ring_train_000033,data/VISION/Ring/train/000033.jpg,data/VISION_masks/Ring/train/000033.png,1,0.0336669921875,1024,1280
Ring_train_000034,data/VISION/Ring/train/000034.jpg,data/VISION_masks/Ring/train/000034.png,1,0.0062957763671875,1024,1280
Ring_train_000035,data/VISION/Ring/train/000035.jpg,data/VISION_masks/Ring/train/000035.png,1,0.003429412841796875,1024,1280
Ring_train_000036,data/VISION/Ring/train/000036.jpg,data/VISION_masks/Ring/train/000036.png,1,0.005980682373046875,1024,1280
Ring_train_000037,data/VISION/Ring/train/000037.jpg,data/VISION_masks/Ring/train/000037.png,1,0.000281524658203125,1024,1280
Ring_train_000038,data/VISION/Ring/train/000038.jpg,data/VISION_masks/Ring/train/000038.png,1,0.00029296875,1024,1280
Ring_train_000039,data/VISION/Ring/train/000039.jpg,data/VISION_masks/Ring/train/000039.png,1,0.026348114013671875,1024,1280
Ring_train_000040,data/VISION/Ring/train/000040.jpg,data/VISION_masks/Ring/train/000040.png,1,0.001282501220703125,1024,1280
Ring_train_000041,data/VISION/Ring/train/000041.jpg,data/VISION_masks/Ring/train/000041.png,1,0.000470733642578125,1024,1280
Ring_train_000042,data/VISION/Ring/train/000042.jpg,data/VISION_masks/Ring/train/000042.png,1,0.0004852294921875,1024,1280
Ring_train_000043,data/VISION/Ring/train/000043.jpg,data/VISION_masks/Ring/train/000043.png,1,0.009214019775390625,1024,1280
Ring_train_000044,data/VISION/Ring/train/000044.jpg,data/VISION_masks/Ring/train/000044.png,1,0.0285247802734375,1024,1280
Screw_train_000000,data/VISION/Screw/train/000000.jpg,data/VISION_masks/Screw/train/000000.png,1,0.0009484310699588478,1440,1080
Screw_train_000001,data/VISION/Screw/train/000001.jpg,data/VISION_masks/Screw/train/000001.png,1,0.0010063014403292182,1440,1080
Screw_train_000002,data/VISION/Screw/train/000002.jpg,data/VISION_masks/Screw/train/000002.png,1,0.0008095421810699588,1440,1080
Screw_train_000003,data/VISION/Screw/train/000003.jpg,data/VISION_masks/Screw/train/000003.png,1,0.002172067901234568,1440,1080
Screw_train_000004,data/VISION/Screw/train/000004.jpg,data/VISION_masks/Screw/train/000004.png,1,0.001352880658436214,1440,1080
Screw_train_000005,data/VISION/Screw/train/000005.jpg,data/VISION_masks/Screw/train/000005.png,1,0.00042695473251028805,1440,1080
Screw_train_000006,data/VISION/Screw/train/000006.jpg,data/VISION_masks/Screw/train/000006.png,1,0.0030767746913580247,1440,1080
Screw_train_000007,data/VISION/Screw/train/000007.jpg,data/VISION_masks/Screw/train/000007.png,1,0.00040959362139917694,1440,1080
Screw_train_000008,data/VISION/Screw/train/000008.jpg,data/VISION_masks/Screw/train/000008.png,1,0.0008429783950617284,1440,1080
Screw_train_000009,data/VISION/Screw/train/000009.jpg,data/VISION_masks/Screw/train/000009.png,1,0.0008886316872427983,1440,1080
Screw_train_000010,data/VISION/Screw/train/000010.jpg,data/VISION_masks/Screw/train/000010.png,1,0.0023450360082304528,1440,1080
Screw_train_000011,data/VISION/Screw/train/000011.jpg,data/VISION_masks/Screw/train/000011.png,1,0.004465663580246914,1440,1080
Screw_train_000012,data/VISION/Screw/train/000012.jpg,data/VISION_masks/Screw/train/000012.png,1,0.0026324588477366255,1440,1080
Screw_train_000013,data/VISION/Screw/train/000013.jpg,data/VISION_masks/Screw/train/000013.png,1,0.003125,1440,1080
Screw_train_000014,data/VISION/Screw/train/000014.jpg,data/VISION_masks/Screw/train/000014.png,1,0.0007214506172839506,1440,1080
Screw_train_000015,data/VISION/Screw/train/000015.jpg,data/VISION_masks/Screw/train/000015.png,1,0.0007163065843621399,1440,1080
Screw_train_000016,data/VISION/Screw/train/000016.jpg,data/VISION_masks/Screw/train/000016.png,1,0.002375900205761317,1440,1080
Screw_train_000017,data/VISION/Screw/train/000017.jpg,data/VISION_masks/Screw/train/000017.png,1,0.0010635288065843622,1440,1080
Screw_train_000018,data/VISION/Screw/train/000018.jpg,data/VISION_masks/Screw/train/000018.png,1,0.000834619341563786,1440,1080
Screw_train_000019,data/VISION/Screw/train/000019.jpg,data/VISION_masks/Screw/train/000019.png,1,0.0008140432098765432,1440,1080
Screw_train_000020,data/VISION/Screw/train/000020.jpg,data/VISION_masks/Screw/train/000020.png,1,0.0007137345679012345,1440,1080
Screw_train_000021,data/VISION/Screw/train/000021.jpg,data/VISION_masks/Screw/train/000021.png,1,0.0009735082304526749,1440,1080
Screw_train_000022,data/VISION/Screw/train/000022.jpg,data/VISION_masks/Screw/train/000022.png,1,0.001297582304526749,1440,1080
Screw_train_000023,data/VISION/Screw/train/000023.jpg,data/VISION_masks/Screw/train/000023.png,1,0.0009786522633744856,1440,1080
Screw_train_000024,data/VISION/Screw/train/000024.jpg,data/VISION_masks/Screw/train/000024.png,1,0.0006835133744855967,1440,1080
Screw_train_000025,data/VISION/Screw/train/000025.jpg,data/VISION_masks/Screw/train/000025.png,1,0.0008809156378600823,1440,1080
Screw_train_000026,data/VISION/Screw/train/000026.jpg,data/VISION_masks/Screw/train/000026.png,1,0.000821116255144033,1440,1080
Screw_train_000027,data/VISION/Screw/train/000027.jpg,data/VISION_masks/Screw/train/000027.png,1,0.0027179783950617284,1440,1080
Screw_train_000028,data/VISION/Screw/train/000028.jpg,data/VISION_masks/Screw/train/000028.png,1,0.00517554012345679,1440,1080
Screw_train_000029,data/VISION/Screw/train/000029.jpg,data/VISION_masks/Screw/train/000029.png,1,0.0013522376543209876,1440,1080
Screw_train_000030,data/VISION/Screw/train/000030.jpg,data/VISION_masks/Screw/train/000030.png,1,0.002640817901234568,1440,1080
Screw_train_000031,data/VISION/Screw/train/000031.jpg,data/VISION_masks/Screw/train/000031.png,1,0.001133616255144033,1440,1080
Screw_train_000032,data/VISION/Screw/train/000032.jpg,data/VISION_masks/Screw/train/000032.png,1,0.0010487397119341563,1440,1080
Screw_train_000033,data/VISION/Screw/train/000033.jpg,data/VISION_masks/Screw/train/000033.png,1,0.000787037037037037,1440,1080
Screw_train_000034,data/VISION/Screw/train/000034.jpg,data/VISION_masks/Screw/train/000034.png,1,0.001248070987654321,1440,1080
Screw_train_000035,data/VISION/Screw/train/000035.jpg,data/VISION_masks/Screw/train/000035.png,1,0.0020486111111111113,1440,1080
Screw_train_000036,data/VISION/Screw/train/000036.jpg,data/VISION_masks/Screw/train/000036.png,1,0.00265625,1440,1080
Screw_train_000037,data/VISION/Screw/train/000037.jpg,data/VISION_masks/Screw/train/000037.png,1,0.0008172582304526749,1440,1080
Screw_train_000038,data/VISION/Screw/train/000038.jpg,data/VISION_masks/Screw/train/000038.png,1,0.0038374485596707818,1440,1080
Screw_train_000039,data/VISION/Screw/train/000039.jpg,data/VISION_masks/Screw/train/000039.png,1,0.001196630658436214,1440,1080
Screw_train_000040,data/VISION/Screw/train/000040.jpg,data/VISION_masks/Screw/train/000040.png,1,0.003926183127572016,1440,1080
Screw_train_000041,data/VISION/Screw/train/000041.jpg,data/VISION_masks/Screw/train/000041.png,1,0.0009612911522633745,1440,1080
Screw_train_000042,data/VISION/Screw/train/000042.jpg,data/VISION_masks/Screw/train/000042.png,1,0.009144804526748972,1440,1080
Screw_train_000043,data/VISION/Screw/train/000043.jpg,data/VISION_masks/Screw/train/000043.png,1,0.005050154320987654,1440,1080
Screw_train_000044,data/VISION/Screw/train/000044.jpg,data/VISION_masks/Screw/train/000044.png,1,0.002199074074074074,1440,1080
Screw_train_000045,data/VISION/Screw/train/000045.jpg,data/VISION_masks/Screw/train/000045.png,1,0.001419753086419753,1440,1080
Screw_train_000046,data/VISION/Screw/train/000046.jpg,data/VISION_masks/Screw/train/000046.png,1,0.0012069187242798353,1440,1080
Screw_train_000047,data/VISION/Screw/train/000047.jpg,data/VISION_masks/Screw/train/000047.png,1,0.0014435442386831277,1440,1080
Screw_train_000048,data/VISION/Screw/train/000048.jpg,data/VISION_masks/Screw/train/000048.png,1,0.0013837448559670782,1440,1080
Screw_train_000049,data/VISION/Screw/train/000049.jpg,data/VISION_masks/Screw/train/000049.png,1,0.0010706018518518519,1440,1080
Screw_train_000050,data/VISION/Screw/train/000050.jpg,data/VISION_masks/Screw/train/000050.png,1,0.004385931069958848,1440,1080
Screw_train_000051,data/VISION/Screw/train/000051.jpg,data/VISION_masks/Screw/train/000051.png,1,0.00456275720164609,1440,1080
Screw_train_000052,data/VISION/Screw/train/000052.jpg,data/VISION_masks/Screw/train/000052.png,1,0.0028099279835390946,1440,1080
Screw_train_000053,data/VISION/Screw/train/000053.jpg,data/VISION_masks/Screw/train/000053.png,1,0.0032510288065843622,1440,1080
Screw_train_000054,data/VISION/Screw/train/000054.jpg,data/VISION_masks/Screw/train/000054.png,1,0.0023919753086419754,1440,1080
Screw_train_000055,data/VISION/Screw/train/000055.jpg,data/VISION_masks/Screw/train/000055.png,1,0.0039036779835390947,1440,1080
Screw_train_000056,data/VISION/Screw/train/000056.jpg,data/VISION_masks/Screw/train/000056.png,1,0.0036631944444444446,1440,1080
Wood_train_000000,data/VISION/Wood/train/000000.jpg,data/VISION_masks/Wood/train/000000.png,1,0.0003653186542142518,964,1292
Wood_train_000001,data/VISION/Wood/train/000001.jpg,data/VISION_masks/Wood/train/000001.png,1,0.0006182315686702722,964,1292
Wood_train_000002,data/VISION/Wood/train/000002.jpg,data/VISION_masks/Wood/train/000002.png,1,0.007854752514676978,964,1292
Wood_train_000003,data/VISION/Wood/train/000003.jpg,data/VISION_masks/Wood/train/000003.png,1,0.0023356306925478207,964,1292
Wood_train_000004,data/VISION/Wood/train/000004.jpg,data/VISION_masks/Wood/train/000004.png,1,0.00019430135015351412,964,1292
Wood_train_000005,data/VISION/Wood/train/000005.jpg,data/VISION_masks/Wood/train/000005.png,1,0.0016563788651516515,964,1292
Wood_train_000006,data/VISION/Wood/train/000006.jpg,data/VISION_masks/Wood/train/000006.png,1,0.0021983351104145525,964,1292
Wood_train_000007,data/VISION/Wood/train/000007.jpg,data/VISION_masks/Wood/train/000007.png,1,0.0023573089423583366,964,1292
Wood_train_000008,data/VISION/Wood/train/000008.jpg,data/VISION_masks/Wood/train/000008.png,1,0.003711798106445024,964,1292
Wood_train_000009,data/VISION/Wood/train/000009.jpg,data/VISION_masks/Wood/train/000009.png,1,0.0023348277944066904,964,1292
Wood_train_000010,data/VISION/Wood/train/000010.jpg,data/VISION_masks/Wood/train/000010.png,1,0.002108410518607967,964,1292
Wood_train_000011,data/VISION/Wood/train/000011.jpg,data/VISION_masks/Wood/train/000011.png,1,0.0015696658659095873,964,1292
Wood_train_000012,data/VISION/Wood/train/000012.jpg,data/VISION_masks/Wood/train/000012.png,1,0.0016290803283532237,964,1292
Wood_train_000013,data/VISION/Wood/train/000013.jpg,data/VISION_masks/Wood/train/000013.png,1,0.006191147566255155,964,1292
Wood_train_000014,data/VISION/Wood/train/000014.jpg,data/VISION_masks/Wood/train/000014.png,1,0.027976985727682643,964,1292
Wood_train_000015,data/VISION/Wood/train/000015.jpg,data/VISION_masks/Wood/train/000015.png,1,0.0011401153604049176,964,1292
Wood_train_000016,data/VISION/Wood/train/000016.jpg,data/VISION_masks/Wood/train/000016.png,1,0.000456046144161967,964,1292
Wood_train_000017,data/VISION/Wood/train/000017.jpg,data/VISION_masks/Wood/train/000017.png,1,0.0004945852549362177,964,1292
Wood_train_000018,data/VISION/Wood/train/000018.jpg,data/VISION_masks/Wood/train/000018.png,1,0.0010686574258443277,964,1292
Wood_train_000019,data/VISION/Wood/train/000019.jpg,data/VISION_masks/Wood/train/000019.png,1,0.00599684621610164,964,1292
Wood_train_000020,data/VISION/Wood/train/000020.jpg,data/VISION_masks/Wood/train/000020.png,1,0.00042232442223449765,964,1292
Wood_train_000021,data/VISION/Wood/train/000021.jpg,data/VISION_masks/Wood/train/000021.png,1,0.00014131007283891937,964,1292
Wood_train_000022,data/VISION/Wood/train/000022.jpg,data/VISION_masks/Wood/train/000022.png,1,0.00016780571149621674,964,1292
Wood_train_000023,data/VISION/Wood/train/000023.jpg,data/VISION_masks/Wood/train/000023.png,1,0.0009674922600619195,964,1292
Wood_train_000024,data/VISION/Wood/train/000024.jpg,data/VISION_masks/Wood/train/000024.png,1,0.0020136685379546007,964,1292
Wood_train_000025,data/VISION/Wood/train/000025.jpg,data/VISION_masks/Wood/train/000025.png,1,0.00013167529514535668,964,1292
Wood_train_000026,data/VISION/Wood/train/000026.jpg,data/VISION_masks/Wood/train/000026.png,1,0.001066248731420937,964,1292
Wood_train_000027,data/VISION/Wood/train/000027.jpg,data/VISION_masks/Wood/train/000027.png,1,0.0028767840396695912,964,1292
Wood_train_000028,data/VISION/Wood/train/000028.jpg,data/VISION_masks/Wood/train/000028.png,1,0.0006953097902187737,964,1292
Wood_train_000029,data/VISION/Wood/train/000029.jpg,data/VISION_masks/Wood/train/000029.png,1,0.0001284637025808358,964,1292
Wood_train_000030,data/VISION/Wood/train/000030.jpg,data/VISION_masks/Wood/train/000030.png,1,0.002092352555785363,964,1292
Wood_train_000031,data/VISION/Wood/train/000031.jpg,data/VISION_masks/Wood/train/000031.png,1,0.003892450188199324,964,1292
Wood_train_000032,data/VISION/Wood/train/000032.jpg,data/VISION_masks/Wood/train/000032.png,1,0.00020955641483498837,964,1292
Wood_train_000033,data/VISION/Wood/train/000033.jpg,data/VISION_masks/Wood/train/000033.png,1,0.0006302750407872256,964,1292
Wood_train_000034,data/VISION/Wood/train/000034.jpg,data/VISION_masks/Wood/train/000034.png,1,0.0010975617589250156,964,1292
Wood_train_000035,data/VISION/Wood/train/000035.jpg,data/VISION_masks/Wood/train/000035.png,1,0.00018386367431882122,964,1292
Wood_train_000036,data/VISION/Wood/train/000036.jpg,data/VISION_masks/Wood/train/000036.png,1,0.004276235499659571,964,1292
Wood_train_000037,data/VISION/Wood/train/000037.jpg,data/VISION_masks/Wood/train/000037.png,1,0.00011079994347597086,964,1292
Wood_train_000038,data/VISION/Wood/train/000038.jpg,data/VISION_masks/Wood/train/000038.png,1,0.0005764808653315006,964,1292
Wood_train_000039,data/VISION/Wood/train/000039.jpg,data/VISION_masks/Wood/train/000039.png,1,0.0012187993782356795,964,1292
Wood_train_000040,data/VISION/Wood/train/000040.jpg,data/VISION_masks/Wood/train/000040.png,1,0.00032517374715774057,964,1292
Wood_train_000041,data/VISION/Wood/train/000041.jpg,data/VISION_masks/Wood/train/000041.png,1,0.0011995298228485542,964,1292
Wood_train_000042,data/VISION/Wood/train/000042.jpg,data/VISION_masks/Wood/train/000042.png,1,0.00014050717469778914,964,1292
Wood_train_000043,data/VISION/Wood/train/000043.jpg,data/VISION_masks/Wood/train/000043.png,1,0.003539175006102026,964,1292
Wood_train_000044,data/VISION/Wood/train/000044.jpg,data/VISION_masks/Wood/train/000044.png,1,0.00023926364605680666,964,1292
Wood_train_000045,data/VISION/Wood/train/000045.jpg,data/VISION_masks/Wood/train/000045.png,1,0.00034765489510938687,964,1292
Wood_train_000046,data/VISION/Wood/train/000046.jpg,data/VISION_masks/Wood/train/000046.png,1,0.0005218837917346454,964,1292
Wood_train_000047,data/VISION/Wood/train/000047.jpg,data/VISION_masks/Wood/train/000047.png,1,0.0002039361278470768,964,1292
Wood_train_000048,data/VISION/Wood/train/000048.jpg,data/VISION_masks/Wood/train/000048.png,1,0.0010004110838482587,964,1292
Wood_train_000049,data/VISION/Wood/train/000049.jpg,data/VISION_masks/Wood/train/000049.png,1,0.0013601094510745989,964,1292
Wood_train_000050,data/VISION/Wood/train/000050.jpg,data/VISION_masks/Wood/train/000050.png,1,0.0002882404326657503,964,1292
